{"v":"4.8.0","meta":{"g":"LottieFiles AE 3.1.1","a":"","k":"","d":"","tc":""},"fr":29.9700012207031,"ip":0,"op":80.0000032584668,"w":500,"h":500,"nm":"siren","ddd":0,"assets":[],"layers":[{"ddd":0,"ind":1,"ty":4,"nm":"5 Outlines 3","sr":1,"ks":{"o":{"a":0,"k":100,"ix":11},"r":{"a":0,"k":0,"ix":10},"p":{"a":0,"k":[340.598,254.705,0],"ix":2},"a":{"a":0,"k":[0.25,7.402,0],"ix":1},"s":{"a":1,"k":[{"i":{"x":[0.667,0.667,0.667],"y":[1,1,1]},"o":{"x":[0.333,0.333,0.333],"y":[0,0,0]},"t":54,"s":[0,0,100]},{"t":74.0000030140818,"s":[100,100,100]}],"ix":6}},"ao":0,"shapes":[{"ind":0,"ty":"sh","ix":1,"ks":{"a":0,"k":{"i":[[3.95,0],[0,0],[0,3.95],[-3.95,0],[0,0],[0,-3.951]],"o":[[0,0],[-3.95,0],[0,-3.951],[0,0],[3.95,0],[0,3.95]],"v":[[59.582,14.554],[7.401,14.554],[0.25,7.403],[7.401,0.25],[59.582,0.25],[66.734,7.403]],"c":true},"ix":2},"nm":"Path 1","mn":"ADBE Vector Shape - Group","hd":false},{"ty":"fl","c":{"a":0,"k":[0.254901960784,0.266666666667,0.294117647059,1],"ix":4},"o":{"a":0,"k":100,"ix":5},"r":1,"bm":0,"nm":"Fill 1","mn":"ADBE Vector Graphic - Fill","hd":false}],"ip":54.0000021994651,"op":74.0000030140818,"st":54.0000021994651,"bm":0},{"ddd":0,"ind":2,"ty":4,"nm":"4 Outlines 3","sr":1,"ks":{"o":{"a":0,"k":100,"ix":11},"r":{"a":0,"k":0,"ix":10},"p":{"a":0,"k":[311.939,192.674,0],"ix":2},"a":{"a":0,"k":[0.948,52.15,0],"ix":1},"s":{"a":1,"k":[{"i":{"x":[0.667,0.667,0.667],"y":[1,1,1]},"o":{"x":[0.333,0.333,0.333],"y":[0,0,0]},"t":54,"s":[0,0,100]},{"t":74.0000030140818,"s":[100,100,100]}],"ix":6}},"ao":0,"shapes":[{"ind":0,"ty":"sh","ix":1,"ks":{"a":0,"k":{"i":[[1.83,0],[1.396,1.397],[-2.794,2.792],[0,0],[-2.791,-2.794],[2.793,-2.792],[0,0]],"o":[[-1.83,0],[-2.794,-2.792],[0,0],[2.79,-2.794],[2.793,2.792],[0,0],[-1.396,1.397]],"v":[[8.101,52.15],[3.044,50.055],[3.044,39.942],[39.944,3.044],[50.057,3.044],[50.057,13.157],[13.158,50.055]],"c":true},"ix":2},"nm":"Path 1","mn":"ADBE Vector Shape - Group","hd":false},{"ty":"fl","c":{"a":0,"k":[0.254901960784,0.266666666667,0.294117647059,1],"ix":4},"o":{"a":0,"k":100,"ix":5},"r":1,"bm":0,"nm":"Fill 1","mn":"ADBE Vector Graphic - Fill","hd":false}],"ip":54.0000021994651,"op":74.0000030140818,"st":54.0000021994651,"bm":0},{"ddd":0,"ind":3,"ty":4,"nm":"3 Outlines 3","sr":1,"ks":{"o":{"a":0,"k":100,"ix":11},"r":{"a":0,"k":0,"ix":10},"p":{"a":0,"k":[249.911,164.018,0],"ix":2},"a":{"a":0,"k":[7.402,66.734,0],"ix":1},"s":{"a":1,"k":[{"i":{"x":[0.667,0.667,0.667],"y":[1,1,1]},"o":{"x":[0.333,0.333,0.333],"y":[0,0,0]},"t":54,"s":[0,0,100]},{"t":74.0000030140818,"s":[100,100,100]}],"ix":6}},"ao":0,"shapes":[{"ind":0,"ty":"sh","ix":1,"ks":{"a":0,"k":{"i":[[3.95,0],[0,3.95],[0,0],[-3.95,0],[0,-3.95],[0,0]],"o":[[-3.95,0],[0,0],[0,-3.95],[3.95,0],[0,0],[0,3.95]],"v":[[7.402,66.734],[0.25,59.582],[0.25,7.401],[7.402,0.25],[14.554,7.401],[14.554,59.582]],"c":true},"ix":2},"nm":"Path 1","mn":"ADBE Vector Shape - Group","hd":false},{"ty":"fl","c":{"a":0,"k":[0.254901960784,0.266666666667,0.294117647059,1],"ix":4},"o":{"a":0,"k":100,"ix":5},"r":1,"bm":0,"nm":"Fill 1","mn":"ADBE Vector Graphic - Fill","hd":false}],"ip":54.0000021994651,"op":74.0000030140818,"st":54.0000021994651,"bm":0},{"ddd":0,"ind":4,"ty":4,"nm":"2 Outlines 3","sr":1,"ks":{"o":{"a":0,"k":100,"ix":11},"r":{"a":0,"k":0,"ix":10},"p":{"a":0,"k":[187.88,192.674,0],"ix":2},"a":{"a":0,"k":[52.152,52.15,0],"ix":1},"s":{"a":1,"k":[{"i":{"x":[0.667,0.667,0.667],"y":[1,1,1]},"o":{"x":[0.333,0.333,0.333],"y":[0,0,0]},"t":54,"s":[0,0,100]},{"t":74.0000030140818,"s":[100,100,100]}],"ix":6}},"ao":0,"shapes":[{"ind":0,"ty":"sh","ix":1,"ks":{"a":0,"k":{"i":[[1.83,0],[1.396,1.397],[0,0],[-2.794,2.792],[-2.791,-2.794],[0,0],[2.794,-2.792]],"o":[[-1.83,0],[0,0],[-2.794,-2.792],[2.791,-2.794],[0,0],[2.794,2.792],[-1.396,1.397]],"v":[[45,52.15],[39.943,50.055],[3.044,13.157],[3.044,3.044],[13.158,3.044],[50.057,39.942],[50.057,50.055]],"c":true},"ix":2},"nm":"Path 1","mn":"ADBE Vector Shape - Group","hd":false},{"ty":"fl","c":{"a":0,"k":[0.254901960784,0.266666666667,0.294117647059,1],"ix":4},"o":{"a":0,"k":100,"ix":5},"r":1,"bm":0,"nm":"Fill 1","mn":"ADBE Vector Graphic - Fill","hd":false}],"ip":54.0000021994651,"op":74.0000030140818,"st":54.0000021994651,"bm":0},{"ddd":0,"ind":5,"ty":4,"nm":"1 Outlines 3","sr":1,"ks":{"o":{"a":0,"k":100,"ix":11},"r":{"a":0,"k":0,"ix":10},"p":{"a":0,"k":[159.222,254.705,0],"ix":2},"a":{"a":0,"k":[66.735,7.402,0],"ix":1},"s":{"a":1,"k":[{"i":{"x":[0.667,0.667,0.667],"y":[1,1,1]},"o":{"x":[0.333,0.333,0.333],"y":[0,0,0]},"t":54,"s":[0,0,100]},{"t":74.0000030140818,"s":[100,100,100]}],"ix":6}},"ao":0,"shapes":[{"ind":0,"ty":"sh","ix":1,"ks":{"a":0,"k":{"i":[[3.95,0],[0,0],[0,3.95],[-3.95,0],[0,0],[0,-3.951]],"o":[[0,0],[-3.95,0],[0,-3.951],[0,0],[3.95,0],[0,3.95]],"v":[[59.583,14.554],[7.402,14.554],[0.25,7.403],[7.402,0.25],[59.583,0.25],[66.735,7.403]],"c":true},"ix":2},"nm":"Path 1","mn":"ADBE Vector Shape - Group","hd":false},{"ty":"fl","c":{"a":0,"k":[0.254901960784,0.266666666667,0.294117647059,1],"ix":4},"o":{"a":0,"k":100,"ix":5},"r":1,"bm":0,"nm":"Fill 1","mn":"ADBE Vector Graphic - Fill","hd":false}],"ip":54.0000021994651,"op":74.0000030140818,"st":54.0000021994651,"bm":0},{"ddd":0,"ind":6,"ty":4,"nm":"5 Outlines 2","sr":1,"ks":{"o":{"a":0,"k":100,"ix":11},"r":{"a":0,"k":0,"ix":10},"p":{"a":0,"k":[340.598,254.705,0],"ix":2},"a":{"a":0,"k":[0.25,7.402,0],"ix":1},"s":{"a":1,"k":[{"i":{"x":[0.667,0.667,0.667],"y":[1,1,1]},"o":{"x":[0.333,0.333,0.333],"y":[0,0,0]},"t":27,"s":[0,0,100]},{"t":47.0000019143492,"s":[100,100,100]}],"ix":6}},"ao":0,"shapes":[{"ind":0,"ty":"sh","ix":1,"ks":{"a":0,"k":{"i":[[3.95,0],[0,0],[0,3.95],[-3.95,0],[0,0],[0,-3.951]],"o":[[0,0],[-3.95,0],[0,-3.951],[0,0],[3.95,0],[0,3.95]],"v":[[59.582,14.554],[7.401,14.554],[0.25,7.403],[7.401,0.25],[59.582,0.25],[66.734,7.403]],"c":true},"ix":2},"nm":"Path 1","mn":"ADBE Vector Shape - Group","hd":false},{"ty":"fl","c":{"a":0,"k":[0.254901960784,0.266666666667,0.294117647059,1],"ix":4},"o":{"a":0,"k":100,"ix":5},"r":1,"bm":0,"nm":"Fill 1","mn":"ADBE Vector Graphic - Fill","hd":false}],"ip":27.0000010997325,"op":47.0000019143492,"st":27.0000010997325,"bm":0},{"ddd":0,"ind":7,"ty":4,"nm":"4 Outlines 2","sr":1,"ks":{"o":{"a":0,"k":100,"ix":11},"r":{"a":0,"k":0,"ix":10},"p":{"a":0,"k":[311.939,192.674,0],"ix":2},"a":{"a":0,"k":[0.948,52.15,0],"ix":1},"s":{"a":1,"k":[{"i":{"x":[0.667,0.667,0.667],"y":[1,1,1]},"o":{"x":[0.333,0.333,0.333],"y":[0,0,0]},"t":27,"s":[0,0,100]},{"t":47.0000019143492,"s":[100,100,100]}],"ix":6}},"ao":0,"shapes":[{"ind":0,"ty":"sh","ix":1,"ks":{"a":0,"k":{"i":[[1.83,0],[1.396,1.397],[-2.794,2.792],[0,0],[-2.791,-2.794],[2.793,-2.792],[0,0]],"o":[[-1.83,0],[-2.794,-2.792],[0,0],[2.79,-2.794],[2.793,2.792],[0,0],[-1.396,1.397]],"v":[[8.101,52.15],[3.044,50.055],[3.044,39.942],[39.944,3.044],[50.057,3.044],[50.057,13.157],[13.158,50.055]],"c":true},"ix":2},"nm":"Path 1","mn":"ADBE Vector Shape - Group","hd":false},{"ty":"fl","c":{"a":0,"k":[0.254901960784,0.266666666667,0.294117647059,1],"ix":4},"o":{"a":0,"k":100,"ix":5},"r":1,"bm":0,"nm":"Fill 1","mn":"ADBE Vector Graphic - Fill","hd":false}],"ip":27.0000010997325,"op":47.0000019143492,"st":27.0000010997325,"bm":0},{"ddd":0,"ind":8,"ty":4,"nm":"3 Outlines 2","sr":1,"ks":{"o":{"a":0,"k":100,"ix":11},"r":{"a":0,"k":0,"ix":10},"p":{"a":0,"k":[249.911,164.018,0],"ix":2},"a":{"a":0,"k":[7.402,66.734,0],"ix":1},"s":{"a":1,"k":[{"i":{"x":[0.667,0.667,0.667],"y":[1,1,1]},"o":{"x":[0.333,0.333,0.333],"y":[0,0,0]},"t":27,"s":[0,0,100]},{"t":47.0000019143492,"s":[100,100,100]}],"ix":6}},"ao":0,"shapes":[{"ind":0,"ty":"sh","ix":1,"ks":{"a":0,"k":{"i":[[3.95,0],[0,3.95],[0,0],[-3.95,0],[0,-3.95],[0,0]],"o":[[-3.95,0],[0,0],[0,-3.95],[3.95,0],[0,0],[0,3.95]],"v":[[7.402,66.734],[0.25,59.582],[0.25,7.401],[7.402,0.25],[14.554,7.401],[14.554,59.582]],"c":true},"ix":2},"nm":"Path 1","mn":"ADBE Vector Shape - Group","hd":false},{"ty":"fl","c":{"a":0,"k":[0.254901960784,0.266666666667,0.294117647059,1],"ix":4},"o":{"a":0,"k":100,"ix":5},"r":1,"bm":0,"nm":"Fill 1","mn":"ADBE Vector Graphic - Fill","hd":false}],"ip":27.0000010997325,"op":47.0000019143492,"st":27.0000010997325,"bm":0},{"ddd":0,"ind":9,"ty":4,"nm":"2 Outlines 2","sr":1,"ks":{"o":{"a":0,"k":100,"ix":11},"r":{"a":0,"k":0,"ix":10},"p":{"a":0,"k":[187.88,192.674,0],"ix":2},"a":{"a":0,"k":[52.152,52.15,0],"ix":1},"s":{"a":1,"k":[{"i":{"x":[0.667,0.667,0.667],"y":[1,1,1]},"o":{"x":[0.333,0.333,0.333],"y":[0,0,0]},"t":27,"s":[0,0,100]},{"t":47.0000019143492,"s":[100,100,100]}],"ix":6}},"ao":0,"shapes":[{"ind":0,"ty":"sh","ix":1,"ks":{"a":0,"k":{"i":[[1.83,0],[1.396,1.397],[0,0],[-2.794,2.792],[-2.791,-2.794],[0,0],[2.794,-2.792]],"o":[[-1.83,0],[0,0],[-2.794,-2.792],[2.791,-2.794],[0,0],[2.794,2.792],[-1.396,1.397]],"v":[[45,52.15],[39.943,50.055],[3.044,13.157],[3.044,3.044],[13.158,3.044],[50.057,39.942],[50.057,50.055]],"c":true},"ix":2},"nm":"Path 1","mn":"ADBE Vector Shape - Group","hd":false},{"ty":"fl","c":{"a":0,"k":[0.254901960784,0.266666666667,0.294117647059,1],"ix":4},"o":{"a":0,"k":100,"ix":5},"r":1,"bm":0,"nm":"Fill 1","mn":"ADBE Vector Graphic - Fill","hd":false}],"ip":27.0000010997325,"op":47.0000019143492,"st":27.0000010997325,"bm":0},{"ddd":0,"ind":10,"ty":4,"nm":"1 Outlines 2","sr":1,"ks":{"o":{"a":0,"k":100,"ix":11},"r":{"a":0,"k":0,"ix":10},"p":{"a":0,"k":[159.222,254.705,0],"ix":2},"a":{"a":0,"k":[66.735,7.402,0],"ix":1},"s":{"a":1,"k":[{"i":{"x":[0.667,0.667,0.667],"y":[1,1,1]},"o":{"x":[0.333,0.333,0.333],"y":[0,0,0]},"t":27,"s":[0,0,100]},{"t":47.0000019143492,"s":[100,100,100]}],"ix":6}},"ao":0,"shapes":[{"ind":0,"ty":"sh","ix":1,"ks":{"a":0,"k":{"i":[[3.95,0],[0,0],[0,3.95],[-3.95,0],[0,0],[0,-3.951]],"o":[[0,0],[-3.95,0],[0,-3.951],[0,0],[3.95,0],[0,3.95]],"v":[[59.583,14.554],[7.402,14.554],[0.25,7.403],[7.402,0.25],[59.583,0.25],[66.735,7.403]],"c":true},"ix":2},"nm":"Path 1","mn":"ADBE Vector Shape - Group","hd":false},{"ty":"fl","c":{"a":0,"k":[0.254901960784,0.266666666667,0.294117647059,1],"ix":4},"o":{"a":0,"k":100,"ix":5},"r":1,"bm":0,"nm":"Fill 1","mn":"ADBE Vector Graphic - Fill","hd":false}],"ip":27.0000010997325,"op":47.0000019143492,"st":27.0000010997325,"bm":0},{"ddd":0,"ind":11,"ty":4,"nm":"5 Outlines","sr":1,"ks":{"o":{"a":0,"k":100,"ix":11},"r":{"a":0,"k":0,"ix":10},"p":{"a":0,"k":[340.598,254.705,0],"ix":2},"a":{"a":0,"k":[0.25,7.402,0],"ix":1},"s":{"a":1,"k":[{"i":{"x":[0.667,0.667,0.667],"y":[1,1,1]},"o":{"x":[0.333,0.333,0.333],"y":[0,0,0]},"t":0,"s":[0,0,100]},{"t":20.0000008146167,"s":[100,100,100]}],"ix":6}},"ao":0,"shapes":[{"ind":0,"ty":"sh","ix":1,"ks":{"a":0,"k":{"i":[[3.95,0],[0,0],[0,3.95],[-3.95,0],[0,0],[0,-3.951]],"o":[[0,0],[-3.95,0],[0,-3.951],[0,0],[3.95,0],[0,3.95]],"v":[[59.582,14.554],[7.401,14.554],[0.25,7.403],[7.401,0.25],[59.582,0.25],[66.734,7.403]],"c":true},"ix":2},"nm":"Path 1","mn":"ADBE Vector Shape - Group","hd":false},{"ty":"fl","c":{"a":0,"k":[0.254901960784,0.266666666667,0.294117647059,1],"ix":4},"o":{"a":0,"k":100,"ix":5},"r":1,"bm":0,"nm":"Fill 1","mn":"ADBE Vector Graphic - Fill","hd":false}],"ip":0,"op":20.0000008146167,"st":0,"bm":0},{"ddd":0,"ind":12,"ty":4,"nm":"4 Outlines","sr":1,"ks":{"o":{"a":0,"k":100,"ix":11},"r":{"a":0,"k":0,"ix":10},"p":{"a":0,"k":[311.939,192.674,0],"ix":2},"a":{"a":0,"k":[0.948,52.15,0],"ix":1},"s":{"a":1,"k":[{"i":{"x":[0.667,0.667,0.667],"y":[1,1,1]},"o":{"x":[0.333,0.333,0.333],"y":[0,0,0]},"t":0,"s":[0,0,100]},{"t":20.0000008146167,"s":[100,100,100]}],"ix":6}},"ao":0,"shapes":[{"ind":0,"ty":"sh","ix":1,"ks":{"a":0,"k":{"i":[[1.83,0],[1.396,1.397],[-2.794,2.792],[0,0],[-2.791,-2.794],[2.793,-2.792],[0,0]],"o":[[-1.83,0],[-2.794,-2.792],[0,0],[2.79,-2.794],[2.793,2.792],[0,0],[-1.396,1.397]],"v":[[8.101,52.15],[3.044,50.055],[3.044,39.942],[39.944,3.044],[50.057,3.044],[50.057,13.157],[13.158,50.055]],"c":true},"ix":2},"nm":"Path 1","mn":"ADBE Vector Shape - Group","hd":false},{"ty":"fl","c":{"a":0,"k":[0.254901960784,0.266666666667,0.294117647059,1],"ix":4},"o":{"a":0,"k":100,"ix":5},"r":1,"bm":0,"nm":"Fill 1","mn":"ADBE Vector Graphic - Fill","hd":false}],"ip":0,"op":20.0000008146167,"st":0,"bm":0},{"ddd":0,"ind":13,"ty":4,"nm":"3 Outlines","sr":1,"ks":{"o":{"a":0,"k":100,"ix":11},"r":{"a":0,"k":0,"ix":10},"p":{"a":0,"k":[249.911,164.018,0],"ix":2},"a":{"a":0,"k":[7.402,66.734,0],"ix":1},"s":{"a":1,"k":[{"i":{"x":[0.667,0.667,0.667],"y":[1,1,1]},"o":{"x":[0.333,0.333,0.333],"y":[0,0,0]},"t":0,"s":[0,0,100]},{"t":20.0000008146167,"s":[100,100,100]}],"ix":6}},"ao":0,"shapes":[{"ind":0,"ty":"sh","ix":1,"ks":{"a":0,"k":{"i":[[3.95,0],[0,3.95],[0,0],[-3.95,0],[0,-3.95],[0,0]],"o":[[-3.95,0],[0,0],[0,-3.95],[3.95,0],[0,0],[0,3.95]],"v":[[7.402,66.734],[0.25,59.582],[0.25,7.401],[7.402,0.25],[14.554,7.401],[14.554,59.582]],"c":true},"ix":2},"nm":"Path 1","mn":"ADBE Vector Shape - Group","hd":false},{"ty":"fl","c":{"a":0,"k":[0.254901960784,0.266666666667,0.294117647059,1],"ix":4},"o":{"a":0,"k":100,"ix":5},"r":1,"bm":0,"nm":"Fill 1","mn":"ADBE Vector Graphic - Fill","hd":false}],"ip":0,"op":20.0000008146167,"st":0,"bm":0},{"ddd":0,"ind":14,"ty":4,"nm":"2 Outlines","sr":1,"ks":{"o":{"a":0,"k":100,"ix":11},"r":{"a":0,"k":0,"ix":10},"p":{"a":0,"k":[187.88,192.674,0],"ix":2},"a":{"a":0,"k":[52.152,52.15,0],"ix":1},"s":{"a":1,"k":[{"i":{"x":[0.667,0.667,0.667],"y":[1,1,1]},"o":{"x":[0.333,0.333,0.333],"y":[0,0,0]},"t":0,"s":[0,0,100]},{"t":20.0000008146167,"s":[100,100,100]}],"ix":6}},"ao":0,"shapes":[{"ind":0,"ty":"sh","ix":1,"ks":{"a":0,"k":{"i":[[1.83,0],[1.396,1.397],[0,0],[-2.794,2.792],[-2.791,-2.794],[0,0],[2.794,-2.792]],"o":[[-1.83,0],[0,0],[-2.794,-2.792],[2.791,-2.794],[0,0],[2.794,2.792],[-1.396,1.397]],"v":[[45,52.15],[39.943,50.055],[3.044,13.157],[3.044,3.044],[13.158,3.044],[50.057,39.942],[50.057,50.055]],"c":true},"ix":2},"nm":"Path 1","mn":"ADBE Vector Shape - Group","hd":false},{"ty":"fl","c":{"a":0,"k":[0.254901960784,0.266666666667,0.294117647059,1],"ix":4},"o":{"a":0,"k":100,"ix":5},"r":1,"bm":0,"nm":"Fill 1","mn":"ADBE Vector Graphic - Fill","hd":false}],"ip":0,"op":20.0000008146167,"st":0,"bm":0},{"ddd":0,"ind":15,"ty":4,"nm":"1 Outlines","sr":1,"ks":{"o":{"a":0,"k":100,"ix":11},"r":{"a":0,"k":0,"ix":10},"p":{"a":0,"k":[159.222,254.705,0],"ix":2},"a":{"a":0,"k":[66.735,7.402,0],"ix":1},"s":{"a":1,"k":[{"i":{"x":[0.667,0.667,0.667],"y":[1,1,1]},"o":{"x":[0.333,0.333,0.333],"y":[0,0,0]},"t":0,"s":[0,0,100]},{"t":20.0000008146167,"s":[100,100,100]}],"ix":6}},"ao":0,"shapes":[{"ind":0,"ty":"sh","ix":1,"ks":{"a":0,"k":{"i":[[3.95,0],[0,0],[0,3.95],[-3.95,0],[0,0],[0,-3.951]],"o":[[0,0],[-3.95,0],[0,-3.951],[0,0],[3.95,0],[0,3.95]],"v":[[59.583,14.554],[7.402,14.554],[0.25,7.403],[7.402,0.25],[59.583,0.25],[66.735,7.403]],"c":true},"ix":2},"nm":"Path 1","mn":"ADBE Vector Shape - Group","hd":false},{"ty":"fl","c":{"a":0,"k":[0.254901960784,0.266666666667,0.294117647059,1],"ix":4},"o":{"a":0,"k":100,"ix":5},"r":1,"bm":0,"nm":"Fill 1","mn":"ADBE Vector Graphic - Fill","hd":false}],"ip":0,"op":20.0000008146167,"st":0,"bm":0},{"ddd":0,"ind":16,"ty":4,"nm":"light Outlines 8","sr":1,"ks":{"o":{"a":0,"k":100,"ix":11},"r":{"a":0,"k":0,"ix":10},"p":{"a":0,"k":[250.925,214.306,0],"ix":2},"a":{"a":0,"k":[46.634,0.25,0],"ix":1},"s":{"a":0,"k":[-100,100,100],"ix":6}},"ao":0,"shapes":[{"ind":0,"ty":"sh","ix":1,"ks":{"a":0,"k":{"i":[[0,0],[0,-25.616],[0,0],[0,0],[0,0]],"o":[[-25.612,0],[0,0],[0,0],[0,0],[0,0]],"v":[[46.631,0.25],[0.25,46.633],[0.25,107.141],[46.634,107.141],[46.634,0.25]],"c":true},"ix":2},"nm":"Path 1","mn":"ADBE Vector Shape - Group","hd":false},{"ty":"fl","c":{"a":0,"k":[1,0.411764735802,0.411764735802,1],"ix":4},"o":{"a":0,"k":100,"ix":5},"r":1,"bm":0,"nm":"Fill 1","mn":"ADBE Vector Graphic - Fill","hd":false}],"ip":70.0000028511585,"op":80.0000032584668,"st":70.0000028511585,"bm":0},{"ddd":0,"ind":17,"ty":4,"nm":"light Outlines 6","sr":1,"ks":{"o":{"a":0,"k":100,"ix":11},"r":{"a":0,"k":0,"ix":10},"p":{"a":0,"k":[250.925,214.306,0],"ix":2},"a":{"a":0,"k":[46.634,0.25,0],"ix":1},"s":{"a":0,"k":[-100,100,100],"ix":6}},"ao":0,"shapes":[{"ind":0,"ty":"sh","ix":1,"ks":{"a":0,"k":{"i":[[0,0],[0,-25.616],[0,0],[0,0],[0,0]],"o":[[-25.612,0],[0,0],[0,0],[0,0],[0,0]],"v":[[46.631,0.25],[0.25,46.633],[0.25,107.141],[46.634,107.141],[46.634,0.25]],"c":true},"ix":2},"nm":"Path 1","mn":"ADBE Vector Shape - Group","hd":false},{"ty":"fl","c":{"a":0,"k":[1,0.411764735802,0.411764735802,1],"ix":4},"o":{"a":0,"k":100,"ix":5},"r":1,"bm":0,"nm":"Fill 1","mn":"ADBE Vector Graphic - Fill","hd":false}],"ip":50.0000020365418,"op":60.0000024438501,"st":50.0000020365418,"bm":0},{"ddd":0,"ind":18,"ty":4,"nm":"light Outlines 4","sr":1,"ks":{"o":{"a":0,"k":100,"ix":11},"r":{"a":0,"k":0,"ix":10},"p":{"a":0,"k":[250.925,214.306,0],"ix":2},"a":{"a":0,"k":[46.634,0.25,0],"ix":1},"s":{"a":0,"k":[-100,100,100],"ix":6}},"ao":0,"shapes":[{"ind":0,"ty":"sh","ix":1,"ks":{"a":0,"k":{"i":[[0,0],[0,-25.616],[0,0],[0,0],[0,0]],"o":[[-25.612,0],[0,0],[0,0],[0,0],[0,0]],"v":[[46.631,0.25],[0.25,46.633],[0.25,107.141],[46.634,107.141],[46.634,0.25]],"c":true},"ix":2},"nm":"Path 1","mn":"ADBE Vector Shape - Group","hd":false},{"ty":"fl","c":{"a":0,"k":[1,0.411764735802,0.411764735802,1],"ix":4},"o":{"a":0,"k":100,"ix":5},"r":1,"bm":0,"nm":"Fill 1","mn":"ADBE Vector Graphic - Fill","hd":false}],"ip":30.0000012219251,"op":40.0000016292334,"st":30.0000012219251,"bm":0},{"ddd":0,"ind":19,"ty":4,"nm":"light Outlines 2","sr":1,"ks":{"o":{"a":0,"k":100,"ix":11},"r":{"a":0,"k":0,"ix":10},"p":{"a":0,"k":[250.925,214.306,0],"ix":2},"a":{"a":0,"k":[46.634,0.25,0],"ix":1},"s":{"a":0,"k":[-100,100,100],"ix":6}},"ao":0,"shapes":[{"ind":0,"ty":"sh","ix":1,"ks":{"a":0,"k":{"i":[[0,0],[0,-25.616],[0,0],[0,0],[0,0]],"o":[[-25.612,0],[0,0],[0,0],[0,0],[0,0]],"v":[[46.631,0.25],[0.25,46.633],[0.25,107.141],[46.634,107.141],[46.634,0.25]],"c":true},"ix":2},"nm":"Path 1","mn":"ADBE Vector Shape - Group","hd":false},{"ty":"fl","c":{"a":0,"k":[1,0.411764735802,0.411764735802,1],"ix":4},"o":{"a":0,"k":100,"ix":5},"r":1,"bm":0,"nm":"Fill 1","mn":"ADBE Vector Graphic - Fill","hd":false}],"ip":10.0000004073083,"op":20.0000008146167,"st":10.0000004073083,"bm":0},{"ddd":0,"ind":20,"ty":4,"nm":"light Outlines 7","sr":1,"ks":{"o":{"a":0,"k":100,"ix":11},"r":{"a":0,"k":0,"ix":10},"p":{"a":0,"k":[227.733,267.752,0],"ix":2},"a":{"a":0,"k":[23.442,53.696,0],"ix":1},"s":{"a":0,"k":[100,100,100],"ix":6}},"ao":0,"shapes":[{"ind":0,"ty":"sh","ix":1,"ks":{"a":0,"k":{"i":[[0,0],[0,-25.616],[0,0],[0,0],[0,0]],"o":[[-25.612,0],[0,0],[0,0],[0,0],[0,0]],"v":[[46.631,0.25],[0.25,46.633],[0.25,107.141],[46.634,107.141],[46.634,0.25]],"c":true},"ix":2},"nm":"Path 1","mn":"ADBE Vector Shape - Group","hd":false},{"ty":"fl","c":{"a":0,"k":[1,0.411764735802,0.411764735802,1],"ix":4},"o":{"a":0,"k":100,"ix":5},"r":1,"bm":0,"nm":"Fill 1","mn":"ADBE Vector Graphic - Fill","hd":false}],"ip":60.0000024438501,"op":70.0000028511585,"st":60.0000024438501,"bm":0},{"ddd":0,"ind":21,"ty":4,"nm":"light Outlines 5","sr":1,"ks":{"o":{"a":0,"k":100,"ix":11},"r":{"a":0,"k":0,"ix":10},"p":{"a":0,"k":[227.733,267.752,0],"ix":2},"a":{"a":0,"k":[23.442,53.696,0],"ix":1},"s":{"a":0,"k":[100,100,100],"ix":6}},"ao":0,"shapes":[{"ind":0,"ty":"sh","ix":1,"ks":{"a":0,"k":{"i":[[0,0],[0,-25.616],[0,0],[0,0],[0,0]],"o":[[-25.612,0],[0,0],[0,0],[0,0],[0,0]],"v":[[46.631,0.25],[0.25,46.633],[0.25,107.141],[46.634,107.141],[46.634,0.25]],"c":true},"ix":2},"nm":"Path 1","mn":"ADBE Vector Shape - Group","hd":false},{"ty":"fl","c":{"a":0,"k":[1,0.411764735802,0.411764735802,1],"ix":4},"o":{"a":0,"k":100,"ix":5},"r":1,"bm":0,"nm":"Fill 1","mn":"ADBE Vector Graphic - Fill","hd":false}],"ip":40.0000016292334,"op":50.0000020365418,"st":40.0000016292334,"bm":0},{"ddd":0,"ind":22,"ty":4,"nm":"light Outlines 3","sr":1,"ks":{"o":{"a":0,"k":100,"ix":11},"r":{"a":0,"k":0,"ix":10},"p":{"a":0,"k":[227.733,267.752,0],"ix":2},"a":{"a":0,"k":[23.442,53.696,0],"ix":1},"s":{"a":0,"k":[100,100,100],"ix":6}},"ao":0,"shapes":[{"ind":0,"ty":"sh","ix":1,"ks":{"a":0,"k":{"i":[[0,0],[0,-25.616],[0,0],[0,0],[0,0]],"o":[[-25.612,0],[0,0],[0,0],[0,0],[0,0]],"v":[[46.631,0.25],[0.25,46.633],[0.25,107.141],[46.634,107.141],[46.634,0.25]],"c":true},"ix":2},"nm":"Path 1","mn":"ADBE Vector Shape - Group","hd":false},{"ty":"fl","c":{"a":0,"k":[1,0.411764735802,0.411764735802,1],"ix":4},"o":{"a":0,"k":100,"ix":5},"r":1,"bm":0,"nm":"Fill 1","mn":"ADBE Vector Graphic - Fill","hd":false}],"ip":20.0000008146167,"op":30.000001221925,"st":20.0000008146167,"bm":0},{"ddd":0,"ind":23,"ty":4,"nm":"light Outlines","sr":1,"ks":{"o":{"a":0,"k":100,"ix":11},"r":{"a":0,"k":0,"ix":10},"p":{"a":0,"k":[227.733,267.752,0],"ix":2},"a":{"a":0,"k":[23.442,53.696,0],"ix":1},"s":{"a":0,"k":[100,100,100],"ix":6}},"ao":0,"shapes":[{"ind":0,"ty":"sh","ix":1,"ks":{"a":0,"k":{"i":[[0,0],[0,-25.616],[0,0],[0,0],[0,0]],"o":[[-25.612,0],[0,0],[0,0],[0,0],[0,0]],"v":[[46.631,0.25],[0.25,46.633],[0.25,107.141],[46.634,107.141],[46.634,0.25]],"c":true},"ix":2},"nm":"Path 1","mn":"ADBE Vector Shape - Group","hd":false},{"ty":"fl","c":{"a":0,"k":[1,0.411764735802,0.411764735802,1],"ix":4},"o":{"a":0,"k":100,"ix":5},"r":1,"bm":0,"nm":"Fill 1","mn":"ADBE Vector Graphic - Fill","hd":false}],"ip":0,"op":10.0000004073083,"st":0,"bm":0},{"ddd":0,"ind":24,"ty":4,"nm":"siren Outlines","sr":1,"ks":{"o":{"a":0,"k":100,"ix":11},"r":{"a":0,"k":0,"ix":10},"p":{"a":0,"k":[249.909,291.377,0],"ix":2},"a":{"a":0,"k":[100.893,111.618,0],"ix":1},"s":{"a":0,"k":[100,100,100],"ix":6}},"ao":0,"shapes":[{"ind":0,"ty":"sh","ix":1,"ks":{"a":0,"k":{"i":[[0,0],[0,0],[0,0],[0,0]],"o":[[0,0],[0,0],[0,0],[0,0]],"v":[[14.553,192.651],[187.232,192.651],[187.232,208.682],[14.553,208.682]],"c":true},"ix":2},"nm":"Path 1","mn":"ADBE Vector Shape - Group","hd":false},{"ind":1,"ty":"sh","ix":2,"ks":{"a":0,"k":{"i":[[0,0]],"o":[[0,0]],"v":[[14.553,208.682]],"c":false},"ix":2},"nm":"Path 2","mn":"ADBE Vector Shape - Group","hd":false},{"ind":2,"ty":"sh","ix":3,"ks":{"a":0,"k":{"i":[[0,0],[0,0],[0,0],[0,0]],"o":[[0,0],[0,0],[0,0],[0,0]],"v":[[187.232,178.347],[14.553,178.347],[14.553,174.285],[187.232,174.285]],"c":true},"ix":2},"nm":"Path 3","mn":"ADBE Vector Shape - Group","hd":false},{"ind":3,"ty":"sh","ix":4,"ks":{"a":0,"k":{"i":[[0,0]],"o":[[0,0]],"v":[[187.232,174.285]],"c":false},"ix":2},"nm":"Path 4","mn":"ADBE Vector Shape - Group","hd":false},{"ind":4,"ty":"sh","ix":5,"ks":{"a":0,"k":{"i":[[0,0],[-35.058,0],[0,-35.06],[0,0],[0,0]],"o":[[0,-35.06],[35.061,0],[0,0],[0,0],[0,0]],"v":[[38.327,78.136],[101.906,14.554],[165.491,78.136],[165.491,159.981],[38.327,159.981]],"c":true},"ix":2},"nm":"Path 5","mn":"ADBE Vector Shape - Group","hd":false},{"ind":5,"ty":"sh","ix":6,"ks":{"a":0,"k":{"i":[[3.951,0],[0,0],[0,0],[42.948,0],[0,-42.946],[0,0],[0,0],[0,-3.952],[0,0],[-3.95,0],[0,0],[0,3.949],[0,0]],"o":[[0,0],[0,0],[0,-42.946],[-42.944,0],[0,0],[0,0],[-3.95,0],[0,0],[0,3.949],[0,0],[3.951,0],[0,0],[0,-3.952]],"v":[[194.383,159.981],[179.795,159.981],[179.795,78.136],[101.906,0.25],[24.024,78.136],[24.024,159.981],[7.401,159.981],[0.25,167.134],[0.25,215.835],[7.401,222.986],[194.383,222.986],[201.536,215.835],[201.536,167.134]],"c":true},"ix":2},"nm":"Path 6","mn":"ADBE Vector Shape - Group","hd":false},{"ty":"fl","c":{"a":0,"k":[0.254901960784,0.266666666667,0.294117647059,1],"ix":4},"o":{"a":0,"k":100,"ix":5},"r":1,"bm":0,"nm":"Fill 1","mn":"ADBE Vector Graphic - Fill","hd":false}],"ip":0,"op":150.000006109625,"st":0,"bm":0}],"markers":[]}