{"v":"5.10.1","fr":20,"ip":0,"op":92,"w":120,"h":144,"nm":"合成 1","ddd":0,"assets":[],"layers":[{"ddd":0,"ind":1,"ty":4,"nm":"moon","sr":1,"ks":{"o":{"a":1,"k":[{"i":{"x":[0.833],"y":[0.833]},"o":{"x":[0.167],"y":[0.167]},"t":45,"s":[20]},{"i":{"x":[0.833],"y":[0.833]},"o":{"x":[0.167],"y":[0.167]},"t":68,"s":[100]},{"t":90,"s":[20]}],"ix":11},"r":{"a":1,"k":[{"i":{"x":[0.833],"y":[0.833]},"o":{"x":[0.167],"y":[0.167]},"t":45,"s":[45]},{"i":{"x":[0.833],"y":[0.833]},"o":{"x":[0.167],"y":[0.167]},"t":68,"s":[0]},{"t":90,"s":[-45]}],"ix":10},"p":{"a":0,"k":[60,99.875,0],"ix":2,"l":2},"a":{"a":0,"k":[6,73.875,0],"ix":1,"l":2},"s":{"a":0,"k":[100,100,100],"ix":6,"l":2}},"ao":0,"shapes":[{"ty":"gr","it":[{"ind":0,"ty":"sh","ix":1,"ks":{"a":0,"k":{"i":[[0.682,-0.504],[0,-1.607],[-2.215,-0.545],[0.681,-0.504],[1.517,0],[0,3.866],[-3.866,0],[-0.544,-0.134]],"o":[[-1.269,0.938],[0,2.314],[0.823,0.202],[-1.195,0.884],[-3.866,0],[0,-3.866],[0.569,0],[0.823,0.202]],"v":[[3.11,-5.023],[1.08,-1],[4.882,3.856],[5.239,5.631],[1.08,7],[-5.92,0],[1.08,-7],[2.754,-6.798]],"c":true},"ix":2},"nm":"Path 1","mn":"ADBE Vector Shape - Group","hd":false},{"ind":1,"ty":"sh","ix":2,"ks":{"a":0,"k":{"i":[[0,-2.493],[-2.762,0],[-0.379,0.091],[0,2.426],[-0.777,1.139]],"o":[[0,2.762],[0.4,0],[-1.929,-1.26],[0,-1.435],[-2.388,0.378]],"v":[[-3.92,0],[1.08,5],[2.252,4.862],[-0.92,-1],[0.292,-4.938]],"c":true},"ix":2},"nm":"Path 2","mn":"ADBE Vector Shape - Group","hd":false},{"ty":"fl","c":{"a":0,"k":[0.525490224361,0.525490224361,0.525490224361,1],"ix":4},"o":{"a":0,"k":100,"ix":5},"r":1,"bm":0,"nm":"填充 1","mn":"ADBE Vector Graphic - Fill","hd":false},{"ty":"tr","p":{"a":0,"k":[5.92,7],"ix":2},"a":{"a":0,"k":[0,0],"ix":1},"s":{"a":0,"k":[100,100],"ix":3},"r":{"a":0,"k":0,"ix":6},"o":{"a":0,"k":100,"ix":7},"sk":{"a":0,"k":0,"ix":4},"sa":{"a":0,"k":0,"ix":5},"nm":"Transform"}],"nm":"组 1","np":3,"cix":2,"bm":0,"ix":1,"mn":"ADBE Vector Group","hd":false}],"ip":45,"op":92,"st":0,"ct":1,"bm":0},{"ddd":0,"ind":2,"ty":4,"nm":"sun","sr":1,"ks":{"o":{"a":1,"k":[{"i":{"x":[0.833],"y":[0.833]},"o":{"x":[0.167],"y":[0.167]},"t":0,"s":[20]},{"i":{"x":[0.833],"y":[0.833]},"o":{"x":[0.167],"y":[0.167]},"t":22,"s":[100]},{"t":45,"s":[0]}],"ix":11},"r":{"a":1,"k":[{"i":{"x":[0.833],"y":[0.833]},"o":{"x":[0.167],"y":[0.167]},"t":0,"s":[45]},{"i":{"x":[0.833],"y":[0.833]},"o":{"x":[0.167],"y":[0.167]},"t":22,"s":[0]},{"t":45,"s":[-45]}],"ix":10},"p":{"a":0,"k":[60,99.875,0],"ix":2,"l":2},"a":{"a":0,"k":[7,73.875,0],"ix":1,"l":2},"s":{"a":0,"k":[100,100,100],"ix":6,"l":2}},"ao":0,"shapes":[{"ty":"gr","it":[{"ind":0,"ty":"sh","ix":1,"ks":{"a":0,"k":{"i":[[-2.761,0],[0,2.762],[2.762,0],[0,-2.761]],"o":[[2.762,0],[0,-2.761],[-2.761,0],[0,2.762]],"v":[[0,5],[5,0],[0,-5],[-5,0]],"c":true},"ix":2},"nm":"Path 1","mn":"ADBE Vector Shape - Group","hd":false},{"ind":1,"ty":"sh","ix":2,"ks":{"a":0,"k":{"i":[[3.866,0],[0,3.866],[-3.866,0],[0,-3.866]],"o":[[-3.866,0],[0,-3.866],[3.866,0],[0,3.866]],"v":[[0,7],[-7,0],[0,-7],[7,0]],"c":true},"ix":2},"nm":"Path 2","mn":"ADBE Vector Shape - Group","hd":false},{"ty":"fl","c":{"a":0,"k":[0.972549021244,0.905882358551,0.109803922474,1],"ix":4},"o":{"a":0,"k":100,"ix":5},"r":1,"bm":0,"nm":"填充 1","mn":"ADBE Vector Graphic - Fill","hd":false},{"ty":"tr","p":{"a":0,"k":[7,7],"ix":2},"a":{"a":0,"k":[0,0],"ix":1},"s":{"a":0,"k":[100,100],"ix":3},"r":{"a":0,"k":0,"ix":6},"o":{"a":0,"k":100,"ix":7},"sk":{"a":0,"k":0,"ix":4},"sa":{"a":0,"k":0,"ix":5},"nm":"Transform"}],"nm":"组 1","np":3,"cix":2,"bm":0,"ix":1,"mn":"ADBE Vector Group","hd":false}],"ip":0,"op":47,"st":0,"ct":1,"bm":0},{"ddd":0,"ind":3,"ty":4,"nm":"car","sr":1,"ks":{"o":{"a":0,"k":100,"ix":11},"r":{"a":0,"k":0,"ix":10},"p":{"a":0,"k":[60,85.5,0],"ix":2,"l":2},"a":{"a":0,"k":[24,42,0],"ix":1,"l":2},"s":{"a":1,"k":[{"i":{"x":[0.833,0.833,0.833],"y":[1,0.833,1]},"o":{"x":[0.167,0.167,0.167],"y":[0,0.167,0]},"t":0,"s":[100,100,100]},{"i":{"x":[0.833,0.833,0.833],"y":[1,0.833,1]},"o":{"x":[0.167,0.167,0.167],"y":[0,0.167,0]},"t":15,"s":[100,85,100]},{"i":{"x":[0.833,0.833,0.833],"y":[1,0.833,1]},"o":{"x":[0.167,0.167,0.167],"y":[0,0.167,0]},"t":30,"s":[100,100,100]},{"i":{"x":[0.833,0.833,0.833],"y":[1,0.833,1]},"o":{"x":[0.167,0.167,0.167],"y":[0,0.167,0]},"t":45,"s":[100,80,100]},{"i":{"x":[0.833,0.833,0.833],"y":[1,0.833,1]},"o":{"x":[0.167,0.167,0.167],"y":[0,0.167,0]},"t":60,"s":[100,100,100]},{"i":{"x":[0.833,0.833,0.833],"y":[1,0.833,1]},"o":{"x":[0.167,0.167,0.167],"y":[0,0.167,0]},"t":75,"s":[100,85,100]},{"t":90,"s":[100,100,100]}],"ix":6,"l":2}},"ao":0,"shapes":[{"ty":"gr","it":[{"ind":0,"ty":"sh","ix":1,"ks":{"a":0,"k":{"i":[[0,1.657],[0,0],[-1.657,0]],"o":[[0,0],[0,1.657],[1.657,0]],"v":[[-9,15],[-15,15],[-12,18]],"c":true},"ix":2},"nm":"Path 1","mn":"ADBE Vector Shape - Group","hd":false},{"ind":1,"ty":"sh","ix":2,"ks":{"a":0,"k":{"i":[[0,1.657],[0,0],[-1.657,0]],"o":[[0,0],[0,1.657],[1.657,0]],"v":[[15,15],[9,15],[12,18]],"c":true},"ix":2},"nm":"Path 2","mn":"ADBE Vector Shape - Group","hd":false},{"ind":2,"ty":"sh","ix":3,"ks":{"a":0,"k":{"i":[[-0.829,0],[0,0],[0,-0.829],[0.829,0],[0,0],[0,0.829]],"o":[[0,0],[0.829,0],[0,0.829],[0,0],[-0.829,0],[0,-0.829]],"v":[[-22.5,-6],[-10.5,-6],[-9,-4.5],[-10.5,-3],[-22.5,-3],[-24,-4.5]],"c":true},"ix":2},"nm":"Path 3","mn":"ADBE Vector Shape - Group","hd":false},{"ind":3,"ty":"sh","ix":4,"ks":{"a":0,"k":{"i":[[0,0],[0,0],[0,0.828],[-0.821,0],[0,0],[0,0],[0.011,0.011],[0,0],[0.004,0],[0,0],[0,0],[0,0]],"o":[[0,0],[-0.839,0],[0,-0.804],[0,0],[0,0],[0,-0.029],[0,0],[-0.008,-0.008],[0,0],[0,0],[0,0],[0,0]],"v":[[21,3],[16.486,3],[15,1.5],[16.486,0],[21,0],[21,-1.507],[20.834,-1.924],[16.924,-5.833],[16.527,-6],[12,-6],[12,12],[21,12]],"c":true},"ix":2},"nm":"Path 4","mn":"ADBE Vector Shape - Group","hd":false},{"ind":4,"ty":"sh","ix":5,"ks":{"a":0,"k":{"i":[[0,0],[0,0],[0,0],[0,-0.829],[0.829,0],[0,0],[0,0],[0,0],[0,0],[0,0],[0,0],[0,0],[0,-0.829],[0.829,0],[0,0],[0,0],[0,0],[-1.66,0],[0,0],[0,-1.66],[0,0],[0,0],[-0.577,-0.577],[0,0],[0,-0.825],[0,0],[0.828,0],[0,0],[3.313,0],[0,3.313],[0,0],[3.313,0],[0,3.313],[0,0],[0,1.661]],"o":[[0,0],[0,0],[0.829,0],[0,0.828],[0,0],[0,0],[0,0],[0,0],[0,0],[0,0],[0,0],[0.829,0],[0,0.829],[0,0],[0,0],[0,0],[0,-1.64],[0,0],[1.641,0],[0,0],[0,0],[0.789,0],[0,0],[0.574,0.574],[0,0],[0,0.805],[0,0],[0,3.313],[-3.313,0],[0,0],[0,3.313],[-3.313,0],[0,0],[-1.64,0],[0,0]],"v":[[-24,3],[-24,0],[-16.5,0],[-15,1.5],[-16.5,3],[-21,3],[-21,12],[9,12],[9,-18],[-21,-18],[-21,-12],[-4.5,-12],[-3,-10.5],[-4.5,-9],[-24,-9],[-24,-12],[-24,-17.993],[-20.993,-21],[8.992,-21],[12,-17.993],[12,-9],[16.527,-9],[19.045,-7.955],[22.955,-4.045],[24,-1.507],[24,13.5],[22.5,15],[18,15],[12,21],[6,15],[-6,15],[-12,21],[-18,15],[-20.993,15],[-24,11.992]],"c":true},"ix":2},"nm":"Path 5","mn":"ADBE Vector Shape - Group","hd":false},{"ty":"fl","c":{"a":0,"k":[0.113725490868,0.262745112181,0.501960813999,1],"ix":4},"o":{"a":0,"k":100,"ix":5},"r":1,"bm":0,"nm":"填充 1","mn":"ADBE Vector Graphic - Fill","hd":false},{"ty":"tr","p":{"a":0,"k":[24,21],"ix":2},"a":{"a":0,"k":[0,0],"ix":1},"s":{"a":0,"k":[100,100],"ix":3},"r":{"a":0,"k":0,"ix":6},"o":{"a":0,"k":100,"ix":7},"sk":{"a":0,"k":0,"ix":4},"sa":{"a":0,"k":0,"ix":5},"nm":"Transform"}],"nm":"组 1","np":6,"cix":2,"bm":0,"ix":1,"mn":"ADBE Vector Group","hd":false}],"ip":0,"op":92,"st":0,"ct":1,"bm":0},{"ddd":0,"ind":4,"ty":4,"nm":"land","sr":1,"ks":{"o":{"a":0,"k":100,"ix":11},"r":{"a":0,"k":0,"ix":10},"p":{"a":0,"k":[60,99.875,0],"ix":2,"l":2},"a":{"a":0,"k":[34,17.875,0],"ix":1,"l":2},"s":{"a":1,"k":[{"i":{"x":[0.833,0.833,0.833],"y":[0.833,0.833,1]},"o":{"x":[0.167,0.167,0.167],"y":[0.167,0.167,0]},"t":0,"s":[100,100,100]},{"i":{"x":[0.833,0.833,0.833],"y":[0.833,0.833,1]},"o":{"x":[0.167,0.167,0.167],"y":[0.167,0.167,0]},"t":15,"s":[115,115,100]},{"i":{"x":[0.833,0.833,0.833],"y":[0.833,0.833,1]},"o":{"x":[0.167,0.167,0.167],"y":[0.167,0.167,0]},"t":30,"s":[100,100,100]},{"i":{"x":[0.833,0.833,0.833],"y":[0.833,0.833,1]},"o":{"x":[0.167,0.167,0.167],"y":[0.167,0.167,0]},"t":45,"s":[120,120,100]},{"i":{"x":[0.833,0.833,0.833],"y":[0.833,0.833,1]},"o":{"x":[0.167,0.167,0.167],"y":[0.167,0.167,0]},"t":60,"s":[100,100,100]},{"i":{"x":[0.833,0.833,0.833],"y":[0.833,0.833,1]},"o":{"x":[0.167,0.167,0.167],"y":[0.167,0.167,0]},"t":75,"s":[115,115,100]},{"t":90,"s":[100,100,100]}],"ix":6,"l":2}},"ao":0,"shapes":[{"ind":0,"ty":"sh","ix":1,"ks":{"a":0,"k":{"i":[[7.687,9.824],[-11.032,0],[-11.031,-1.242],[13.441,0]],"o":[[11.031,-1.242],[11.031,0],[-7.687,9.824],[-13.441,0]],"v":[[0.905,1.863],[34,0],[67.094,1.863],[34,18]],"c":true},"ix":2},"nm":"Path 1","mn":"ADBE Vector Shape - Group","hd":false},{"ty":"fl","c":{"a":0,"k":[0.039215687662,0.564705908298,0.282352954149,1],"ix":4},"o":{"a":0,"k":30,"ix":5},"r":1,"bm":0,"nm":"填充 1","mn":"ADBE Vector Graphic - Fill","hd":false}],"ip":0,"op":92,"st":0,"ct":1,"bm":0},{"ddd":0,"ind":5,"ty":4,"nm":"bg2","sr":1,"ks":{"o":{"a":0,"k":100,"ix":11},"r":{"a":0,"k":0,"ix":10},"p":{"a":0,"k":[60,59.875,0],"ix":2,"l":2},"a":{"a":0,"k":[45,45,0],"ix":1,"l":2},"s":{"a":0,"k":[100,100,100],"ix":6,"l":2}},"ao":0,"shapes":[{"ind":0,"ty":"sh","ix":1,"ks":{"a":0,"k":{"i":[[-23.196,0],[0,-23.196],[23.196,0],[0,23.196]],"o":[[23.196,0],[0,23.196],[-23.196,0],[0,-23.196]],"v":[[45,1],[87,43],[45,85],[3,43]],"c":true},"ix":2},"nm":"Path 1","mn":"ADBE Vector Shape - Group","hd":false},{"ty":"fl","c":{"a":0,"k":[1,1,1,1],"ix":4},"o":{"a":0,"k":100,"ix":5},"r":1,"bm":0,"nm":"填充 1","mn":"ADBE Vector Graphic - Fill","hd":false}],"ip":-12,"op":92,"st":542,"ct":1,"bm":0},{"ddd":0,"ind":6,"ty":4,"nm":"bg1","sr":1,"ks":{"o":{"a":0,"k":100,"ix":11},"r":{"a":0,"k":0,"ix":10},"p":{"a":0,"k":[60,72,0],"ix":2,"l":2},"a":{"a":0,"k":[60,72,0],"ix":1,"l":2},"s":{"a":0,"k":[100,100,100],"ix":6,"l":2}},"ao":0,"shapes":[{"ind":0,"ty":"sh","ix":1,"ks":{"a":0,"k":{"i":[[0,0],[0,14.95],[-29.823,0],[0,-29.823],[9.817,-9.778],[0,0],[0,0],[0,0]],"o":[[-9.816,-9.778],[0,-29.823],[29.823,0],[0,14.95],[0,0],[0,0],[0,0],[0,0]],"v":[[21.891,95.259],[6,57],[60,3],[114,57],[98.108,95.259],[98.183,95.334],[60,133.518],[21.816,95.334]],"c":true},"ix":2},"nm":"Path 1","mn":"ADBE Vector Shape - Group","hd":false},{"ty":"st","c":{"a":0,"k":[0.050980392843,0.501960813999,0.992156863213,1],"ix":3},"o":{"a":0,"k":100,"ix":4},"w":{"a":0,"k":2,"ix":5},"lc":1,"lj":1,"ml":4,"bm":0,"nm":"描边 1","mn":"ADBE Vector Graphic - Stroke","hd":false},{"ty":"fl","c":{"a":0,"k":[0.050980392843,0.501960813999,0.992156863213,1],"ix":4},"o":{"a":0,"k":100,"ix":5},"r":1,"bm":0,"nm":"填充 1","mn":"ADBE Vector Graphic - Fill","hd":false}],"ip":0,"op":92,"st":0,"ct":1,"bm":0},{"ddd":0,"ind":7,"ty":4,"nm":"shadow","sr":1,"ks":{"o":{"a":0,"k":20,"ix":11},"r":{"a":0,"k":0,"ix":10},"p":{"a":0,"k":[60.797,72.5,0],"ix":2,"l":2},"a":{"a":0,"k":[0,0,0],"ix":1,"l":2},"s":{"a":0,"k":[81.772,97.96,100],"ix":6,"l":2}},"ao":0,"shapes":[{"ty":"gr","it":[{"d":1,"ty":"el","s":{"a":0,"k":[59.552,16.443],"ix":2},"p":{"a":0,"k":[0,0],"ix":3},"nm":"椭圆路径 1","mn":"ADBE Vector Shape - Ellipse","hd":false},{"ty":"st","c":{"a":0,"k":[1,1,1,1],"ix":3},"o":{"a":0,"k":100,"ix":4},"w":{"a":0,"k":0,"ix":5},"lc":1,"lj":1,"ml":4,"bm":0,"nm":"描边 1","mn":"ADBE Vector Graphic - Stroke","hd":false},{"ty":"fl","c":{"a":0,"k":[0.037923876196,0.277186691761,0.537254929543,1],"ix":4},"o":{"a":0,"k":100,"ix":5},"r":1,"bm":0,"nm":"填充 1","mn":"ADBE Vector Graphic - Fill","hd":false},{"ty":"tr","p":{"a":0,"k":[-0.974,62.222],"ix":2},"a":{"a":0,"k":[0,0],"ix":1},"s":{"a":0,"k":[89.547,68.364],"ix":3},"r":{"a":0,"k":0,"ix":6},"o":{"a":0,"k":100,"ix":7},"sk":{"a":0,"k":0,"ix":4},"sa":{"a":0,"k":0,"ix":5},"nm":"Transform"}],"nm":"椭圆 1","np":3,"cix":2,"bm":0,"ix":1,"mn":"ADBE Vector Group","hd":false}],"ip":0,"op":92,"st":0,"ct":1,"bm":0}],"markers":[]}