{"v":"5.10.2","fr":60,"ip":0,"op":252,"w":1920,"h":1080,"nm":"log_kb","ddd":0,"assets":[{"id":"comp_0","nm":"logo_kb","fr":60,"layers":[{"ddd":0,"ind":1,"ty":4,"nm":"lettre_k Outlines","sr":1,"ks":{"o":{"a":0,"k":100,"ix":11},"r":{"a":0,"k":0,"ix":10},"p":{"a":0,"k":[235.023,464.245,0],"ix":2,"l":2},"a":{"a":0,"k":[107,261,0],"ix":1,"l":2},"s":{"a":0,"k":[100,100,100],"ix":6,"l":2}},"ao":0,"shapes":[{"ty":"gr","it":[{"ind":0,"ty":"sh","ix":1,"ks":{"a":0,"k":{"i":[[-36.316,44.876],[16.677,-0.178],[1.033,-1.248],[6.369,-7.838],[6.674,-8.209],[7.554,-9.393],[5.643,-6.951],[5.319,-6.462],[0,0],[-0.032,28.701],[4.307,-0.07],[8.096,0.02],[3.803,-0.004],[0.614,0.024],[0.596,0],[1.871,-1.863],[0,0],[-0.392,0.435],[0,0],[-1.652,-2.049],[-6.942,-8.715],[-7.686,-9.713],[-6.992,-9.094],[-1.911,-0.966],[-4.409,0],[0,0],[0,0],[0,0]],"o":[[-17.685,0],[-1.523,0.016],[-6.441,7.774],[-6.668,8.21],[-7.606,9.35],[-5.614,6.974],[-4.925,6.061],[0,0],[0,-28.702],[0.006,-5.096],[-8.09,0.13],[-3.803,-0.01],[-0.609,0.002],[-0.6,-0.022],[-2.265,0],[0,0],[0.678,-0.178],[0,0],[1.833,2.319],[6.992,8.674],[7.718,9.688],[7.122,8.996],[1.112,1.453],[3.935,1.992],[0,0],[0,0],[0,0],[36.067,-44.569]],"v":[[106.417,-129.797],[43.072,-129.684],[38.603,-127.175],[19.595,-103.585],[-0.559,-79.073],[-23.241,-50.913],[-40.079,-29.991],[-55.319,-11.465],[-55.319,-38.047],[-55.303,-124.15],[-60.759,-129.862],[-85.041,-129.774],[-96.452,-129.79],[-98.291,-129.834],[-100.085,-129.88],[-106.417,-127.695],[-106.417,112.432],[-104.424,111.866],[-36.064,34.777],[-30.963,41.224],[-9.981,67.245],[13.027,96.422],[34.408,123.395],[39.238,127.023],[51.973,129.932],[57.103,129.932],[96.121,129.932],[-1.855,3.999]],"c":true},"ix":2},"nm":"Path 1","mn":"ADBE Vector Shape - Group","hd":false},{"ty":"fl","c":{"a":1,"k":[{"i":{"x":[0.667],"y":[1]},"o":{"x":[0.333],"y":[0]},"t":36,"s":[0.039215686275,0.439215686275,0.886274509804,1]},{"i":{"x":[0.667],"y":[1]},"o":{"x":[0.333],"y":[0]},"t":45,"s":[0,0.55363296808,0.980392156863,1]},{"i":{"x":[0.667],"y":[1]},"o":{"x":[0.333],"y":[0]},"t":49,"s":[0.741176486015,0.741176486015,0.741176486015,1]},{"i":{"x":[0.667],"y":[1.338]},"o":{"x":[0.333],"y":[0]},"t":143,"s":[0.741176486015,0.741176486015,0.741176486015,1]},{"i":{"x":[0.667],"y":[1]},"o":{"x":[0.333],"y":[-3.026]},"t":147,"s":[0.039215687662,0.439215689898,0.886274516582,1]},{"t":149,"s":[0,0.55363296808,0.980392156863,1]}],"ix":4},"o":{"a":0,"k":100,"ix":5},"r":1,"bm":0,"nm":"Fill 1","mn":"ADBE Vector Graphic - Fill","hd":false},{"ty":"tr","p":{"a":0,"k":[106.667,130.183],"ix":2},"a":{"a":0,"k":[0,0],"ix":1},"s":{"a":0,"k":[100,100],"ix":3},"r":{"a":0,"k":0,"ix":6},"o":{"a":0,"k":100,"ix":7},"sk":{"a":0,"k":0,"ix":4},"sa":{"a":0,"k":0,"ix":5},"nm":"Transform"}],"nm":"Group 1","np":2,"cix":2,"bm":0,"ix":1,"mn":"ADBE Vector Group","hd":false}],"ip":0,"op":3600,"st":0,"ct":1,"bm":0},{"ddd":0,"ind":2,"ty":4,"nm":"Layer 3 Outlines","sr":1,"ks":{"o":{"a":0,"k":100,"ix":11},"r":{"a":0,"k":0,"ix":10},"p":{"a":0,"k":[374.222,486.673,0],"ix":2,"l":2},"a":{"a":0,"k":[8.648,10.556,0],"ix":1,"l":2},"s":{"a":0,"k":[100,100,100],"ix":6,"l":2}},"ao":0,"shapes":[{"ty":"gr","it":[{"ind":0,"ty":"sh","ix":1,"ks":{"a":0,"k":{"i":[[0,0],[0,0],[0,0],[0,0],[0,0],[0,0],[0,0],[0,0]],"o":[[0,0],[0,0],[0,0],[0,0],[0,0],[0,0],[0,0],[0,0]],"v":[[8.398,-10.306],[8.398,-6.351],[2.283,-6.351],[2.283,10.306],[-2.281,10.306],[-2.281,-6.351],[-8.398,-6.351],[-8.398,-10.306]],"c":true},"ix":2},"nm":"Path 1","mn":"ADBE Vector Shape - Group","hd":false},{"ty":"fl","c":{"a":1,"k":[{"i":{"x":[0.667],"y":[1]},"o":{"x":[0.333],"y":[0]},"t":36,"s":[0.039215686275,0.439215686275,0.886274509804,1]},{"i":{"x":[0.667],"y":[1]},"o":{"x":[0.333],"y":[0]},"t":46,"s":[0,0.55363296808,0.980392156863,1]},{"i":{"x":[0.667],"y":[1]},"o":{"x":[0.333],"y":[0]},"t":49,"s":[0.741176486015,0.741176486015,0.741176486015,1]},{"i":{"x":[0.667],"y":[1.338]},"o":{"x":[0.333],"y":[0]},"t":143,"s":[0.741176486015,0.741176486015,0.741176486015,1]},{"i":{"x":[0.667],"y":[1]},"o":{"x":[0.333],"y":[-3.026]},"t":147,"s":[0.039215687662,0.4392157197,0.886274576187,1]},{"t":149,"s":[0,0.55363296808,0.980392156863,1]}],"ix":4},"o":{"a":0,"k":100,"ix":5},"r":1,"bm":0,"nm":"Fill 1","mn":"ADBE Vector Graphic - Fill","hd":false},{"ty":"tr","p":{"a":0,"k":[8.648,10.556],"ix":2},"a":{"a":0,"k":[0,0],"ix":1},"s":{"a":0,"k":[100,100],"ix":3},"r":{"a":0,"k":0,"ix":6},"o":{"a":0,"k":100,"ix":7},"sk":{"a":0,"k":0,"ix":4},"sa":{"a":0,"k":0,"ix":5},"nm":"Transform"}],"nm":"Group 1","np":2,"cix":2,"bm":0,"ix":1,"mn":"ADBE Vector Group","hd":false}],"ip":0,"op":3600,"st":0,"ct":1,"bm":0},{"ddd":0,"ind":3,"ty":4,"nm":"Layer 4 Outlines","sr":1,"ks":{"o":{"a":0,"k":100,"ix":11},"r":{"a":0,"k":0,"ix":10},"p":{"a":0,"k":[354.18,486.674,0],"ix":2,"l":2},"a":{"a":0,"k":[8.968,10.556,0],"ix":1,"l":2},"s":{"a":0,"k":[100,100,100],"ix":6,"l":2}},"ao":0,"shapes":[{"ty":"gr","it":[{"ind":0,"ty":"sh","ix":1,"ks":{"a":0,"k":{"i":[[0,0],[1.519,2.301],[1.716,2.042],[0,0],[0,0],[0,0],[0,0],[-0.782,-0.952],[-0.81,-1.081],[-0.803,-1.16],[-0.7,-1.068],[0,0],[0,0],[0,0]],"o":[[-1.308,-2.358],[-1.521,-2.301],[0,0],[0,0],[0,0],[0,0],[0.645,0.654],[0.78,0.952],[0.81,1.08],[0.798,1.158],[0,0],[0,0],[0,0],[0,0]],"v":[[4.887,10.305],[0.645,3.317],[-4.213,-3.197],[-4.213,10.305],[-8.718,10.305],[-8.718,-10.305],[-5.004,-10.305],[-2.867,-7.896],[-0.482,-4.847],[1.933,-1.488],[4.183,1.857],[4.183,-10.305],[8.718,-10.305],[8.718,10.305]],"c":true},"ix":2},"nm":"Path 1","mn":"ADBE Vector Shape - Group","hd":false},{"ty":"fl","c":{"a":1,"k":[{"i":{"x":[0.667],"y":[1]},"o":{"x":[0.333],"y":[0]},"t":36,"s":[0.039215686275,0.439215686275,0.886274509804,1]},{"i":{"x":[0.667],"y":[1]},"o":{"x":[0.333],"y":[0]},"t":46,"s":[0,0.55363296808,0.980392156863,1]},{"i":{"x":[0.667],"y":[1]},"o":{"x":[0.333],"y":[0]},"t":49,"s":[0.741176486015,0.741176486015,0.741176486015,1]},{"i":{"x":[0.667],"y":[1.338]},"o":{"x":[0.333],"y":[0]},"t":143,"s":[0.741176486015,0.741176486015,0.741176486015,1]},{"i":{"x":[0.667],"y":[1]},"o":{"x":[0.333],"y":[-3.026]},"t":147,"s":[0.039215687662,0.4392157197,0.886274576187,1]},{"t":149,"s":[0,0.55363296808,0.980392156863,1]}],"ix":4},"o":{"a":0,"k":100,"ix":5},"r":1,"bm":0,"nm":"Fill 1","mn":"ADBE Vector Graphic - Fill","hd":false},{"ty":"tr","p":{"a":0,"k":[8.968,10.555],"ix":2},"a":{"a":0,"k":[0,0],"ix":1},"s":{"a":0,"k":[100,100],"ix":3},"r":{"a":0,"k":0,"ix":6},"o":{"a":0,"k":100,"ix":7},"sk":{"a":0,"k":0,"ix":4},"sa":{"a":0,"k":0,"ix":5},"nm":"Transform"}],"nm":"Group 1","np":2,"cix":2,"bm":0,"ix":1,"mn":"ADBE Vector Group","hd":false}],"ip":0,"op":3600,"st":0,"ct":1,"bm":0},{"ddd":0,"ind":4,"ty":4,"nm":"Layer 5 Outlines","sr":1,"ks":{"o":{"a":0,"k":100,"ix":11},"r":{"a":0,"k":0,"ix":10},"p":{"a":0,"k":[334.915,486.674,0],"ix":2,"l":2},"a":{"a":0,"k":[7.432,10.556,0],"ix":1,"l":2},"s":{"a":0,"k":[100,100,100],"ix":6,"l":2}},"ao":0,"shapes":[{"ty":"gr","it":[{"ind":0,"ty":"sh","ix":1,"ks":{"a":0,"k":{"i":[[0,0],[0,0],[0,0],[0,0],[0,0],[0,0],[0,0],[0,0],[0,0],[0,0],[0,0],[0,0]],"o":[[0,0],[0,0],[0,0],[0,0],[0,0],[0,0],[0,0],[0,0],[0,0],[0,0],[0,0],[0,0]],"v":[[-7.182,10.305],[-7.182,-10.305],[6.51,-10.305],[6.51,-6.408],[-2.621,-6.408],[-2.621,-2.365],[5.486,-2.365],[5.486,1.443],[-2.621,1.443],[-2.621,6.41],[7.182,6.41],[7.182,10.305]],"c":true},"ix":2},"nm":"Path 1","mn":"ADBE Vector Shape - Group","hd":false},{"ty":"fl","c":{"a":1,"k":[{"i":{"x":[0.667],"y":[1]},"o":{"x":[0.333],"y":[0]},"t":36,"s":[0.039215686275,0.439215686275,0.886274509804,1]},{"i":{"x":[0.667],"y":[1]},"o":{"x":[0.333],"y":[0]},"t":46,"s":[0,0.55363296808,0.980392156863,1]},{"i":{"x":[0.667],"y":[1]},"o":{"x":[0.333],"y":[0]},"t":49,"s":[0.741176486015,0.741176486015,0.741176486015,1]},{"i":{"x":[0.667],"y":[1.338]},"o":{"x":[0.333],"y":[0]},"t":143,"s":[0.741176486015,0.741176486015,0.741176486015,1]},{"i":{"x":[0.667],"y":[1]},"o":{"x":[0.333],"y":[-3.026]},"t":147,"s":[0.039215687662,0.4392157197,0.886274576187,1]},{"t":149,"s":[0,0.55363296808,0.980392156863,1]}],"ix":4},"o":{"a":0,"k":100,"ix":5},"r":1,"bm":0,"nm":"Fill 1","mn":"ADBE Vector Graphic - Fill","hd":false},{"ty":"tr","p":{"a":0,"k":[7.432,10.555],"ix":2},"a":{"a":0,"k":[0,0],"ix":1},"s":{"a":0,"k":[100,100],"ix":3},"r":{"a":0,"k":0,"ix":6},"o":{"a":0,"k":100,"ix":7},"sk":{"a":0,"k":0,"ix":4},"sa":{"a":0,"k":0,"ix":5},"nm":"Transform"}],"nm":"Group 1","np":2,"cix":2,"bm":0,"ix":1,"mn":"ADBE Vector Group","hd":false}],"ip":0,"op":3600,"st":0,"ct":1,"bm":0},{"ddd":0,"ind":5,"ty":4,"nm":"Layer 6 Outlines","sr":1,"ks":{"o":{"a":0,"k":100,"ix":11},"r":{"a":0,"k":0,"ix":10},"p":{"a":0,"k":[312.284,486.673,0],"ix":2,"l":2},"a":{"a":0,"k":[11.632,10.556,0],"ix":1,"l":2},"s":{"a":0,"k":[100,100,100],"ix":6,"l":2}},"ao":0,"shapes":[{"ty":"gr","it":[{"ind":0,"ty":"sh","ix":1,"ks":{"a":0,"k":{"i":[[0,0],[-0.459,-0.96],[-0.5,-1.12],[-0.488,-1.17],[-0.431,-1.033],[-0.491,1.171],[-0.498,1.12],[-0.46,0.963],[-0.352,0.654],[0,0],[-0.166,-1.695],[-0.126,-1.832],[-0.109,-1.844],[-0.08,-1.625],[0,0],[0.096,2.363],[0.194,2.4],[0.43,-1.012],[0.42,-1.013],[0.39,-0.923],[0.274,-0.654],[0,0],[0.393,0.92],[0.421,1.011],[0.432,1.01],[0.35,0.832],[0.099,-2.358],[0.059,-2.001],[0,0],[-0.108,1.843],[-0.128,1.835],[-0.166,1.696],[-0.196,1.369]],"o":[[0.353,0.654],[0.46,0.963],[0.498,1.12],[0.488,1.171],[0.429,-1.033],[0.488,-1.17],[0.5,-1.12],[0.458,-0.96],[0,0],[0.196,1.369],[0.166,1.696],[0.126,1.835],[0.105,1.843],[0,0],[-0.059,-2.001],[-0.097,-2.358],[-0.354,0.832],[-0.431,1.01],[-0.42,1.011],[-0.392,0.92],[0,0],[-0.276,-0.654],[-0.391,-0.923],[-0.42,-1.013],[-0.43,-1.012],[-0.196,2.4],[-0.097,2.363],[0,0],[0.076,-1.625],[0.108,-1.844],[0.126,-1.832],[0.166,-1.695],[0,0]],"v":[[-5.413,-10.306],[-4.197,-7.883],[-2.759,-4.758],[-1.279,-1.324],[0.103,1.98],[1.48,-1.324],[2.961,-4.758],[4.4,-7.883],[5.616,-10.306],[9.771,-10.306],[10.314,-5.71],[10.75,-0.417],[11.104,5.102],[11.382,10.306],[6.935,10.306],[6.699,3.762],[6.262,-3.375],[5.086,-0.609],[3.81,2.425],[2.592,5.325],[1.592,7.689],[-1.595,7.689],[-2.594,5.325],[-3.812,2.425],[-5.09,-0.609],[-6.262,-3.375],[-6.702,3.762],[-6.935,10.306],[-11.382,10.306],[-11.104,5.102],[-10.753,-0.417],[-10.314,-5.71],[-9.772,-10.306]],"c":true},"ix":2},"nm":"Path 1","mn":"ADBE Vector Shape - Group","hd":false},{"ty":"fl","c":{"a":1,"k":[{"i":{"x":[0.667],"y":[1]},"o":{"x":[0.333],"y":[0]},"t":36,"s":[0.039215686275,0.439215686275,0.886274509804,1]},{"i":{"x":[0.667],"y":[1]},"o":{"x":[0.333],"y":[0]},"t":46,"s":[0,0.55363296808,0.980392156863,1]},{"i":{"x":[0.667],"y":[1]},"o":{"x":[0.333],"y":[0]},"t":49,"s":[0.741176486015,0.741176486015,0.741176486015,1]},{"i":{"x":[0.667],"y":[1.338]},"o":{"x":[0.333],"y":[0]},"t":143,"s":[0.741176486015,0.741176486015,0.741176486015,1]},{"i":{"x":[0.667],"y":[1]},"o":{"x":[0.333],"y":[-3.026]},"t":147,"s":[0.039215687662,0.4392157197,0.886274576187,1]},{"t":149,"s":[0,0.55363296808,0.980392156863,1]}],"ix":4},"o":{"a":0,"k":100,"ix":5},"r":1,"bm":0,"nm":"Fill 1","mn":"ADBE Vector Graphic - Fill","hd":false},{"ty":"tr","p":{"a":0,"k":[11.631,10.556],"ix":2},"a":{"a":0,"k":[0,0],"ix":1},"s":{"a":0,"k":[100,100],"ix":3},"r":{"a":0,"k":0,"ix":6},"o":{"a":0,"k":100,"ix":7},"sk":{"a":0,"k":0,"ix":4},"sa":{"a":0,"k":0,"ix":5},"nm":"Transform"}],"nm":"Group 1","np":2,"cix":2,"bm":0,"ix":1,"mn":"ADBE Vector Group","hd":false}],"ip":0,"op":3600,"st":0,"ct":1,"bm":0},{"ddd":0,"ind":6,"ty":4,"nm":"Layer 7 Outlines","sr":1,"ks":{"o":{"a":0,"k":100,"ix":11},"r":{"a":0,"k":0,"ix":10},"p":{"a":0,"k":[290.939,486.674,0],"ix":2,"l":2},"a":{"a":0,"k":[7.433,10.556,0],"ix":1,"l":2},"s":{"a":0,"k":[100,100,100],"ix":6,"l":2}},"ao":0,"shapes":[{"ty":"gr","it":[{"ind":0,"ty":"sh","ix":1,"ks":{"a":0,"k":{"i":[[0,0],[0,0],[0,0],[0,0],[0,0],[0,0],[0,0],[0,0],[0,0],[0,0],[0,0],[0,0]],"o":[[0,0],[0,0],[0,0],[0,0],[0,0],[0,0],[0,0],[0,0],[0,0],[0,0],[0,0],[0,0]],"v":[[-7.183,10.305],[-7.183,-10.305],[6.511,-10.305],[6.511,-6.408],[-2.62,-6.408],[-2.62,-2.365],[5.486,-2.365],[5.486,1.443],[-2.62,1.443],[-2.62,6.41],[7.183,6.41],[7.183,10.305]],"c":true},"ix":2},"nm":"Path 1","mn":"ADBE Vector Shape - Group","hd":false},{"ty":"fl","c":{"a":1,"k":[{"i":{"x":[0.667],"y":[1]},"o":{"x":[0.333],"y":[0]},"t":36,"s":[0.039215686275,0.439215686275,0.886274509804,1]},{"i":{"x":[0.667],"y":[1]},"o":{"x":[0.333],"y":[0]},"t":46,"s":[0,0.55363296808,0.980392156863,1]},{"i":{"x":[0.667],"y":[1]},"o":{"x":[0.333],"y":[0]},"t":49,"s":[0.741176486015,0.741176486015,0.741176486015,1]},{"i":{"x":[0.667],"y":[1.338]},"o":{"x":[0.333],"y":[0]},"t":143,"s":[0.741176486015,0.741176486015,0.741176486015,1]},{"i":{"x":[0.667],"y":[1]},"o":{"x":[0.333],"y":[-3.026]},"t":147,"s":[0.039215687662,0.4392157197,0.886274576187,1]},{"t":149,"s":[0,0.55363296808,0.980392156863,1]}],"ix":4},"o":{"a":0,"k":100,"ix":5},"r":1,"bm":0,"nm":"Fill 1","mn":"ADBE Vector Graphic - Fill","hd":false},{"ty":"tr","p":{"a":0,"k":[7.433,10.555],"ix":2},"a":{"a":0,"k":[0,0],"ix":1},"s":{"a":0,"k":[100,100],"ix":3},"r":{"a":0,"k":0,"ix":6},"o":{"a":0,"k":100,"ix":7},"sk":{"a":0,"k":0,"ix":4},"sa":{"a":0,"k":0,"ix":5},"nm":"Transform"}],"nm":"Group 1","np":2,"cix":2,"bm":0,"ix":1,"mn":"ADBE Vector Group","hd":false}],"ip":0,"op":3600,"st":0,"ct":1,"bm":0},{"ddd":0,"ind":7,"ty":4,"nm":"Layer 8 Outlines","sr":1,"ks":{"o":{"a":0,"k":100,"ix":11},"r":{"a":0,"k":0,"ix":10},"p":{"a":0,"k":[272.653,486.555,0],"ix":2,"l":2},"a":{"a":0,"k":[7.988,10.676,0],"ix":1,"l":2},"s":{"a":0,"k":[100,100,100],"ix":6,"l":2}},"ao":0,"shapes":[{"ty":"gr","it":[{"ind":0,"ty":"sh","ix":1,"ks":{"a":0,"k":{"i":[[0.662,0],[0.32,-0.02],[0.234,-0.02],[0,0],[0,0],[-0.8,0.435],[0,1.188],[0.206,0.376],[0.38,0.23],[0.544,0.09]],"o":[[-0.333,0],[-0.323,0.02],[0,0],[0,0],[1.578,0],[0.799,-0.439],[0,-0.576],[-0.204,-0.376],[-0.378,-0.228],[-0.546,-0.088]],"v":[[-1.36,-6.469],[-2.34,-6.439],[-3.175,-6.379],[-3.175,-0.431],[-1.74,-0.431],[1.828,-1.085],[3.029,-3.524],[2.721,-4.952],[1.843,-5.861],[0.454,-6.337]],"c":true},"ix":2},"nm":"Path 1","mn":"ADBE Vector Shape - Group","hd":false},{"ind":1,"ty":"sh","ix":2,"ks":{"a":0,"k":{"i":[[-0.838,0],[-1.618,-1.082],[0,-2.456],[1.64,-1.101],[3.043,0],[0,0],[0,0],[0,0],[0,0],[-1.113,0.08]],"o":[[3.024,0],[1.621,1.081],[0,2.48],[-1.637,1.099],[0,0],[0,0],[0,0],[0,0],[0.994,-0.2],[1.112,-0.078]],"v":[[-1.654,-10.426],[5.309,-8.804],[7.738,-3.496],[5.28,1.874],[-1.74,3.524],[-3.175,3.524],[-3.175,10.426],[-7.738,10.426],[-7.738,-9.89],[-4.579,-10.308]],"c":true},"ix":2},"nm":"Path 2","mn":"ADBE Vector Shape - Group","hd":false},{"ty":"mm","mm":1,"nm":"Merge Paths 1","mn":"ADBE Vector Filter - Merge","hd":false},{"ty":"fl","c":{"a":1,"k":[{"i":{"x":[0.667],"y":[1]},"o":{"x":[0.333],"y":[0]},"t":36,"s":[0.039215686275,0.439215686275,0.886274509804,1]},{"i":{"x":[0.667],"y":[1]},"o":{"x":[0.333],"y":[0]},"t":46,"s":[0,0.55363296808,0.980392156863,1]},{"i":{"x":[0.667],"y":[1]},"o":{"x":[0.333],"y":[0]},"t":49,"s":[0.741176486015,0.741176486015,0.741176486015,1]},{"i":{"x":[0.667],"y":[1.338]},"o":{"x":[0.333],"y":[0]},"t":143,"s":[0.741176486015,0.741176486015,0.741176486015,1]},{"i":{"x":[0.667],"y":[1]},"o":{"x":[0.333],"y":[-3.026]},"t":147,"s":[0.039215687662,0.4392157197,0.886274576187,1]},{"t":149,"s":[0,0.55363296808,0.980392156863,1]}],"ix":4},"o":{"a":0,"k":100,"ix":5},"r":1,"bm":0,"nm":"Fill 1","mn":"ADBE Vector Graphic - Fill","hd":false},{"ty":"tr","p":{"a":0,"k":[7.988,10.676],"ix":2},"a":{"a":0,"k":[0,0],"ix":1},"s":{"a":0,"k":[100,100],"ix":3},"r":{"a":0,"k":0,"ix":6},"o":{"a":0,"k":100,"ix":7},"sk":{"a":0,"k":0,"ix":4},"sa":{"a":0,"k":0,"ix":5},"nm":"Transform"}],"nm":"Group 1","np":4,"cix":2,"bm":0,"ix":1,"mn":"ADBE Vector Group","hd":false}],"ip":0,"op":3600,"st":0,"ct":1,"bm":0},{"ddd":0,"ind":8,"ty":4,"nm":"Layer 9 Outlines","sr":1,"ks":{"o":{"a":0,"k":100,"ix":11},"r":{"a":0,"k":0,"ix":10},"p":{"a":0,"k":[253.81,486.555,0],"ix":2,"l":2},"a":{"a":0,"k":[7.988,10.676,0],"ix":1,"l":2},"s":{"a":0,"k":[100,100,100],"ix":6,"l":2}},"ao":0,"shapes":[{"ty":"gr","it":[{"ind":0,"ty":"sh","ix":1,"ks":{"a":0,"k":{"i":[[0.662,0],[0.32,-0.02],[0.233,-0.02],[0,0],[0,0],[-0.799,0.435],[0,1.188],[0.206,0.376],[0.38,0.23],[0.544,0.09]],"o":[[-0.332,0],[-0.323,0.02],[0,0],[0,0],[1.578,0],[0.799,-0.439],[0,-0.576],[-0.204,-0.376],[-0.378,-0.228],[-0.546,-0.088]],"v":[[-1.36,-6.469],[-2.34,-6.439],[-3.174,-6.379],[-3.174,-0.431],[-1.74,-0.431],[1.828,-1.085],[3.029,-3.524],[2.721,-4.952],[1.843,-5.861],[0.454,-6.337]],"c":true},"ix":2},"nm":"Path 1","mn":"ADBE Vector Shape - Group","hd":false},{"ind":1,"ty":"sh","ix":2,"ks":{"a":0,"k":{"i":[[-0.838,0],[-1.618,-1.082],[0,-2.456],[1.64,-1.101],[3.041,0],[0,0],[0,0],[0,0],[0,0],[-1.113,0.08]],"o":[[3.024,0],[1.621,1.081],[0,2.48],[-1.637,1.099],[0,0],[0,0],[0,0],[0,0],[0.994,-0.2],[1.112,-0.078]],"v":[[-1.654,-10.426],[5.309,-8.804],[7.738,-3.496],[5.28,1.874],[-1.74,3.524],[-3.174,3.524],[-3.174,10.426],[-7.738,10.426],[-7.738,-9.89],[-4.579,-10.308]],"c":true},"ix":2},"nm":"Path 2","mn":"ADBE Vector Shape - Group","hd":false},{"ty":"mm","mm":1,"nm":"Merge Paths 1","mn":"ADBE Vector Filter - Merge","hd":false},{"ty":"fl","c":{"a":1,"k":[{"i":{"x":[0.667],"y":[1]},"o":{"x":[0.333],"y":[0]},"t":36,"s":[0.039215686275,0.439215686275,0.886274509804,1]},{"i":{"x":[0.667],"y":[1]},"o":{"x":[0.333],"y":[0]},"t":46,"s":[0,0.55363296808,0.980392156863,1]},{"i":{"x":[0.667],"y":[1]},"o":{"x":[0.333],"y":[0]},"t":49,"s":[0.741176486015,0.741176486015,0.741176486015,1]},{"i":{"x":[0.667],"y":[1.338]},"o":{"x":[0.333],"y":[0]},"t":143,"s":[0.741176486015,0.741176486015,0.741176486015,1]},{"i":{"x":[0.667],"y":[1]},"o":{"x":[0.333],"y":[-3.026]},"t":147,"s":[0.039215687662,0.4392157197,0.886274576187,1]},{"t":149,"s":[0,0.55363296808,0.980392156863,1]}],"ix":4},"o":{"a":0,"k":100,"ix":5},"r":1,"bm":0,"nm":"Fill 1","mn":"ADBE Vector Graphic - Fill","hd":false},{"ty":"tr","p":{"a":0,"k":[7.988,10.676],"ix":2},"a":{"a":0,"k":[0,0],"ix":1},"s":{"a":0,"k":[100,100],"ix":3},"r":{"a":0,"k":0,"ix":6},"o":{"a":0,"k":100,"ix":7},"sk":{"a":0,"k":0,"ix":4},"sa":{"a":0,"k":0,"ix":5},"nm":"Transform"}],"nm":"Group 1","np":4,"cix":2,"bm":0,"ix":1,"mn":"ADBE Vector Group","hd":false}],"ip":0,"op":3600,"st":0,"ct":1,"bm":0},{"ddd":0,"ind":9,"ty":4,"nm":"Layer 10 Outlines","sr":1,"ks":{"o":{"a":0,"k":100,"ix":11},"r":{"a":0,"k":0,"ix":10},"p":{"a":0,"k":[232.173,486.645,0],"ix":2,"l":2},"a":{"a":0,"k":[10.343,11.003,0],"ix":1,"l":2},"s":{"a":0,"k":[100,100,100],"ix":6,"l":2}},"ao":0,"shapes":[{"ty":"gr","it":[{"ind":0,"ty":"sh","ix":1,"ks":{"a":0,"k":{"i":[[0,-0.99],[-0.244,-0.811],[-0.458,-0.584],[-0.664,-0.318],[-0.861,0],[-0.672,0.317],[-0.46,0.584],[-0.244,0.813],[0,1.01],[0.244,0.822],[0.456,0.586],[0.674,0.317],[0.838,0],[0.662,-0.328],[0.458,-0.584],[0.244,-0.822]],"o":[[0,1.01],[0.244,0.813],[0.458,0.584],[0.662,0.317],[0.838,0],[0.674,-0.318],[0.456,-0.584],[0.244,-0.811],[0,-1.01],[-0.244,-0.824],[-0.46,-0.586],[-0.672,-0.318],[-0.861,0],[-0.664,0.325],[-0.458,0.584],[-0.244,0.825]],"v":[[-5.382,0.014],[-5.018,2.75],[-3.964,4.847],[-2.281,6.201],[0.001,6.676],[2.268,6.201],[3.967,4.847],[5.018,2.75],[5.385,0.014],[5.018,-2.737],[3.967,-4.849],[2.268,-6.202],[0.001,-6.679],[-2.281,-6.187],[-3.964,-4.819],[-5.018,-2.709]],"c":true},"ix":2},"nm":"Path 1","mn":"ADBE Vector Shape - Group","hd":false},{"ind":1,"ty":"sh","ix":2,"ks":{"a":0,"k":{"i":[[0,-1.765],[0.516,-1.341],[0.898,-0.903],[1.241,-0.456],[1.422,0],[1.229,0.456],[0.916,0.901],[0.526,1.338],[0,1.765],[-0.546,1.339],[-0.926,0.91],[-1.221,0.458],[-1.347,0],[-1.231,-0.454],[-0.916,-0.914],[-0.526,-1.338]],"o":[[0,1.765],[-0.516,1.338],[-0.897,0.901],[-1.238,0.456],[-1.387,0],[-1.228,-0.456],[-0.916,-0.903],[-0.526,-1.341],[0,-1.765],[0.544,-1.338],[0.926,-0.914],[1.218,-0.454],[1.384,0],[1.228,0.458],[0.917,0.91],[0.526,1.339]],"v":[[10.094,0.014],[9.32,4.669],[7.197,8.031],[3.993,10.067],[0.001,10.753],[-3.921,10.067],[-7.139,8.031],[-9.303,4.669],[-10.094,0.014],[-9.273,-4.641],[-7.064,-8.016],[-3.846,-10.071],[0.001,-10.753],[3.923,-10.071],[7.139,-8.016],[9.305,-4.641]],"c":true},"ix":2},"nm":"Path 2","mn":"ADBE Vector Shape - Group","hd":false},{"ty":"mm","mm":1,"nm":"Merge Paths 1","mn":"ADBE Vector Filter - Merge","hd":false},{"ty":"fl","c":{"a":1,"k":[{"i":{"x":[0.667],"y":[1]},"o":{"x":[0.333],"y":[0]},"t":36,"s":[0.039215686275,0.439215686275,0.886274509804,1]},{"i":{"x":[0.667],"y":[1]},"o":{"x":[0.333],"y":[0]},"t":46,"s":[0,0.55363296808,0.980392156863,1]},{"i":{"x":[0.667],"y":[1]},"o":{"x":[0.333],"y":[0]},"t":49,"s":[0.741176486015,0.741176486015,0.741176486015,1]},{"i":{"x":[0.667],"y":[1.338]},"o":{"x":[0.333],"y":[0]},"t":143,"s":[0.741176486015,0.741176486015,0.741176486015,1]},{"i":{"x":[0.667],"y":[1]},"o":{"x":[0.333],"y":[-3.026]},"t":147,"s":[0.039215687662,0.4392157197,0.886274576187,1]},{"t":149,"s":[0,0.55363296808,0.980392156863,1]}],"ix":4},"o":{"a":0,"k":100,"ix":5},"r":1,"bm":0,"nm":"Fill 1","mn":"ADBE Vector Graphic - Fill","hd":false},{"ty":"tr","p":{"a":0,"k":[10.343,11.003],"ix":2},"a":{"a":0,"k":[0,0],"ix":1},"s":{"a":0,"k":[100,100],"ix":3},"r":{"a":0,"k":0,"ix":6},"o":{"a":0,"k":100,"ix":7},"sk":{"a":0,"k":0,"ix":4},"sa":{"a":0,"k":0,"ix":5},"nm":"Transform"}],"nm":"Group 1","np":4,"cix":2,"bm":0,"ix":1,"mn":"ADBE Vector Group","hd":false}],"ip":0,"op":3600,"st":0,"ct":1,"bm":0},{"ddd":0,"ind":10,"ty":4,"nm":"Layer 11 Outlines","sr":1,"ks":{"o":{"a":0,"k":100,"ix":11},"r":{"a":0,"k":0,"ix":10},"p":{"a":0,"k":[213.844,486.674,0],"ix":2,"l":2},"a":{"a":0,"k":[7.022,10.557,0],"ix":1,"l":2},"s":{"a":0,"k":[100,100,100],"ix":6,"l":2}},"ao":0,"shapes":[{"ty":"gr","it":[{"ind":0,"ty":"sh","ix":1,"ks":{"a":0,"k":{"i":[[0,0],[0,0],[0,0],[0,0],[0,0],[0,0]],"o":[[0,0],[0,0],[0,0],[0,0],[0,0],[0,0]],"v":[[6.773,6.32],[6.773,10.307],[-6.773,10.307],[-6.773,-10.307],[-2.21,-10.307],[-2.21,6.32]],"c":true},"ix":2},"nm":"Path 1","mn":"ADBE Vector Shape - Group","hd":false},{"ty":"fl","c":{"a":1,"k":[{"i":{"x":[0.667],"y":[1]},"o":{"x":[0.333],"y":[0]},"t":36,"s":[0.039215686275,0.439215686275,0.886274509804,1]},{"i":{"x":[0.667],"y":[1]},"o":{"x":[0.333],"y":[0]},"t":46,"s":[0,0.55363296808,0.980392156863,1]},{"i":{"x":[0.667],"y":[1]},"o":{"x":[0.333],"y":[0]},"t":49,"s":[0.741176486015,0.741176486015,0.741176486015,1]},{"i":{"x":[0.667],"y":[1.338]},"o":{"x":[0.333],"y":[0]},"t":143,"s":[0.741176486015,0.741176486015,0.741176486015,1]},{"i":{"x":[0.667],"y":[1]},"o":{"x":[0.333],"y":[-3.026]},"t":147,"s":[0.039215687662,0.4392157197,0.886274576187,1]},{"t":149,"s":[0,0.55363296808,0.980392156863,1]}],"ix":4},"o":{"a":0,"k":100,"ix":5},"r":1,"bm":0,"nm":"Fill 1","mn":"ADBE Vector Graphic - Fill","hd":false},{"ty":"tr","p":{"a":0,"k":[7.022,10.557],"ix":2},"a":{"a":0,"k":[0,0],"ix":1},"s":{"a":0,"k":[100,100],"ix":3},"r":{"a":0,"k":0,"ix":6},"o":{"a":0,"k":100,"ix":7},"sk":{"a":0,"k":0,"ix":4},"sa":{"a":0,"k":0,"ix":5},"nm":"Transform"}],"nm":"Group 1","np":2,"cix":2,"bm":0,"ix":1,"mn":"ADBE Vector Group","hd":false}],"ip":0,"op":3600,"st":0,"ct":1,"bm":0},{"ddd":0,"ind":11,"ty":4,"nm":"Layer 12 Outlines","sr":1,"ks":{"o":{"a":0,"k":100,"ix":11},"r":{"a":0,"k":0,"ix":10},"p":{"a":0,"k":[196.523,486.674,0],"ix":2,"l":2},"a":{"a":0,"k":[7.433,10.556,0],"ix":1,"l":2},"s":{"a":0,"k":[100,100,100],"ix":6,"l":2}},"ao":0,"shapes":[{"ty":"gr","it":[{"ind":0,"ty":"sh","ix":1,"ks":{"a":0,"k":{"i":[[0,0],[0,0],[0,0],[0,0],[0,0],[0,0],[0,0],[0,0],[0,0],[0,0],[0,0],[0,0]],"o":[[0,0],[0,0],[0,0],[0,0],[0,0],[0,0],[0,0],[0,0],[0,0],[0,0],[0,0],[0,0]],"v":[[-7.183,10.305],[-7.183,-10.305],[6.51,-10.305],[6.51,-6.408],[-2.62,-6.408],[-2.62,-2.365],[5.486,-2.365],[5.486,1.443],[-2.62,1.443],[-2.62,6.41],[7.183,6.41],[7.183,10.305]],"c":true},"ix":2},"nm":"Path 1","mn":"ADBE Vector Shape - Group","hd":false},{"ty":"fl","c":{"a":1,"k":[{"i":{"x":[0.667],"y":[1]},"o":{"x":[0.333],"y":[0]},"t":36,"s":[0.039215686275,0.439215686275,0.886274509804,1]},{"i":{"x":[0.667],"y":[1]},"o":{"x":[0.333],"y":[0]},"t":46,"s":[0,0.55363296808,0.980392156863,1]},{"i":{"x":[0.667],"y":[1]},"o":{"x":[0.333],"y":[0]},"t":49,"s":[0.741176486015,0.741176486015,0.741176486015,1]},{"i":{"x":[0.667],"y":[1.338]},"o":{"x":[0.333],"y":[0]},"t":143,"s":[0.741176486015,0.741176486015,0.741176486015,1]},{"i":{"x":[0.667],"y":[1]},"o":{"x":[0.333],"y":[-3.026]},"t":147,"s":[0.039215687662,0.4392157197,0.886274576187,1]},{"t":149,"s":[0,0.55363296808,0.980392156863,1]}],"ix":4},"o":{"a":0,"k":100,"ix":5},"r":1,"bm":0,"nm":"Fill 1","mn":"ADBE Vector Graphic - Fill","hd":false},{"ty":"tr","p":{"a":0,"k":[7.433,10.555],"ix":2},"a":{"a":0,"k":[0,0],"ix":1},"s":{"a":0,"k":[100,100],"ix":3},"r":{"a":0,"k":0,"ix":6},"o":{"a":0,"k":100,"ix":7},"sk":{"a":0,"k":0,"ix":4},"sa":{"a":0,"k":0,"ix":5},"nm":"Transform"}],"nm":"Group 1","np":2,"cix":2,"bm":0,"ix":1,"mn":"ADBE Vector Group","hd":false}],"ip":0,"op":3600,"st":0,"ct":1,"bm":0},{"ddd":0,"ind":12,"ty":4,"nm":"Layer 13 Outlines","sr":1,"ks":{"o":{"a":0,"k":100,"ix":11},"r":{"a":0,"k":0,"ix":10},"p":{"a":0,"k":[176.454,486.674,0],"ix":2,"l":2},"a":{"a":0,"k":[10.534,10.556,0],"ix":1,"l":2},"s":{"a":0,"k":[100,100,100],"ix":6,"l":2}},"ao":0,"shapes":[{"ty":"gr","it":[{"ind":0,"ty":"sh","ix":1,"ks":{"a":0,"k":{"i":[[0,0],[0.786,1.865],[0.704,1.822],[0.593,1.667],[0.428,1.306],[0,0],[-0.463,-1.377],[-0.48,-1.367],[-0.44,-1.252],[-0.405,-0.91],[-0.452,1.252],[-0.48,1.366],[-0.466,1.378],[-0.38,1.198],[0,0],[0.59,-1.665],[0.704,-1.823],[0.78,-1.864],[0.802,-1.724]],"o":[[-0.806,-1.73],[-0.784,-1.861],[-0.708,-1.823],[-0.592,-1.666],[0,0],[0.378,1.192],[0.465,1.376],[0.484,1.369],[0.445,1.252],[0.38,-0.902],[0.452,-1.252],[0.485,-1.366],[0.464,-1.374],[0,0],[-0.456,1.312],[-0.592,1.663],[-0.701,1.824],[-0.78,1.864],[0,0]],"v":[[-2.176,10.305],[-4.564,4.915],[-6.801,-0.61],[-8.752,-5.844],[-10.284,-10.305],[-5.253,-10.305],[-3.987,-6.452],[-2.568,-2.339],[-1.184,1.59],[0.087,4.833],[1.335,1.598],[2.736,-2.329],[4.156,-6.445],[5.423,-10.305],[10.284,-10.305],[8.715,-5.838],[6.775,-0.608],[4.553,4.925],[2.177,10.305]],"c":true},"ix":2},"nm":"Path 1","mn":"ADBE Vector Shape - Group","hd":false},{"ty":"fl","c":{"a":1,"k":[{"i":{"x":[0.667],"y":[1]},"o":{"x":[0.333],"y":[0]},"t":36,"s":[0.039215686275,0.439215686275,0.886274509804,1]},{"i":{"x":[0.667],"y":[1]},"o":{"x":[0.333],"y":[0]},"t":46,"s":[0,0.55363296808,0.980392156863,1]},{"i":{"x":[0.667],"y":[1]},"o":{"x":[0.333],"y":[0]},"t":49,"s":[0.741176486015,0.741176486015,0.741176486015,1]},{"i":{"x":[0.667],"y":[1.338]},"o":{"x":[0.333],"y":[0]},"t":143,"s":[0.741176486015,0.741176486015,0.741176486015,1]},{"i":{"x":[0.667],"y":[1]},"o":{"x":[0.333],"y":[-3.026]},"t":147,"s":[0.039215687662,0.439215689898,0.886274516582,1]},{"t":149,"s":[0,0.55363296808,0.980392156863,1]}],"ix":4},"o":{"a":0,"k":100,"ix":5},"r":1,"bm":0,"nm":"Fill 1","mn":"ADBE Vector Graphic - Fill","hd":false},{"ty":"tr","p":{"a":0,"k":[10.534,10.555],"ix":2},"a":{"a":0,"k":[0,0],"ix":1},"s":{"a":0,"k":[100,100],"ix":3},"r":{"a":0,"k":0,"ix":6},"o":{"a":0,"k":100,"ix":7},"sk":{"a":0,"k":0,"ix":4},"sa":{"a":0,"k":0,"ix":5},"nm":"Transform"}],"nm":"Group 1","np":2,"cix":2,"bm":0,"ix":1,"mn":"ADBE Vector Group","hd":false}],"ip":0,"op":3600,"st":0,"ct":1,"bm":0},{"ddd":0,"ind":13,"ty":4,"nm":"Layer 14 Outlines","sr":1,"ks":{"o":{"a":0,"k":100,"ix":11},"r":{"a":0,"k":0,"ix":10},"p":{"a":0,"k":[157.347,482.717,0],"ix":2,"l":2},"a":{"a":0,"k":[7.433,14.513,0],"ix":1,"l":2},"s":{"a":0,"k":[100,100,100],"ix":6,"l":2}},"ao":0,"shapes":[{"ty":"gr","it":[{"ind":0,"ty":"sh","ix":1,"ks":{"a":0,"k":{"i":[[0,0],[0,0],[0,0],[0,0]],"o":[[0,0],[0,0],[0,0],[0,0]],"v":[[3.35,-11.764],[-1.463,-7.629],[-3.468,-9.444],[0.673,-14.263]],"c":true},"ix":2},"nm":"Path 1","mn":"ADBE Vector Shape - Group","hd":false},{"ind":1,"ty":"sh","ix":2,"ks":{"a":0,"k":{"i":[[0,0],[0,0],[0,0],[0,0],[0,0],[0,0],[0,0],[0,0],[0,0],[0,0],[0,0],[0,0]],"o":[[0,0],[0,0],[0,0],[0,0],[0,0],[0,0],[0,0],[0,0],[0,0],[0,0],[0,0],[0,0]],"v":[[-7.183,14.263],[-7.183,-6.348],[6.511,-6.348],[6.511,-2.453],[-2.618,-2.453],[-2.618,1.591],[5.487,1.591],[5.487,5.401],[-2.618,5.401],[-2.618,10.366],[7.183,10.366],[7.183,14.263]],"c":true},"ix":2},"nm":"Path 2","mn":"ADBE Vector Shape - Group","hd":false},{"ty":"mm","mm":1,"nm":"Merge Paths 1","mn":"ADBE Vector Filter - Merge","hd":false},{"ty":"fl","c":{"a":1,"k":[{"i":{"x":[0.667],"y":[1]},"o":{"x":[0.333],"y":[0]},"t":36,"s":[0.039215686275,0.439215686275,0.886274509804,1]},{"i":{"x":[0.667],"y":[1]},"o":{"x":[0.333],"y":[0]},"t":46,"s":[0,0.55363296808,0.980392156863,1]},{"i":{"x":[0.667],"y":[1]},"o":{"x":[0.333],"y":[0]},"t":49,"s":[0.741176486015,0.741176486015,0.741176486015,1]},{"i":{"x":[0.667],"y":[1.338]},"o":{"x":[0.333],"y":[0]},"t":143,"s":[0.741176486015,0.741176486015,0.741176486015,1]},{"i":{"x":[0.667],"y":[1]},"o":{"x":[0.333],"y":[-3.026]},"t":147,"s":[0.039215687662,0.439215689898,0.886274516582,1]},{"t":149,"s":[0,0.55363296808,0.980392156863,1]}],"ix":4},"o":{"a":0,"k":100,"ix":5},"r":1,"bm":0,"nm":"Fill 1","mn":"ADBE Vector Graphic - Fill","hd":false},{"ty":"tr","p":{"a":0,"k":[7.433,14.513],"ix":2},"a":{"a":0,"k":[0,0],"ix":1},"s":{"a":0,"k":[100,100],"ix":3},"r":{"a":0,"k":0,"ix":6},"o":{"a":0,"k":100,"ix":7},"sk":{"a":0,"k":0,"ix":4},"sa":{"a":0,"k":0,"ix":5},"nm":"Transform"}],"nm":"Group 1","np":4,"cix":2,"bm":0,"ix":1,"mn":"ADBE Vector Group","hd":false}],"ip":0,"op":3600,"st":0,"ct":1,"bm":0},{"ddd":0,"ind":14,"ty":4,"nm":"Layer 15 Outlines","sr":1,"ks":{"o":{"a":0,"k":100,"ix":11},"r":{"a":0,"k":0,"ix":10},"p":{"a":0,"k":[137.481,486.689,0],"ix":2,"l":2},"a":{"a":0,"k":[9.129,10.809,0],"ix":1,"l":2},"s":{"a":0,"k":[100,100,100],"ix":6,"l":2}},"ao":0,"shapes":[{"ty":"gr","it":[{"ind":0,"ty":"sh","ix":1,"ks":{"a":0,"k":{"i":[[0,0],[-0.284,-0.01],[-0.392,0],[-1.103,1.17],[0,2.063],[1.054,1.112],[2.283,0],[0.333,-0.009],[0.294,-0.04]],"o":[[0.214,0.021],[0.284,0.011],[2.281,0],[1.102,-1.168],[0,-2.16],[-1.052,-1.11],[-0.312,0],[-0.332,0.01],[0,0]],"v":[[-4.316,6.514],[-3.57,6.558],[-2.56,6.574],[2.516,4.818],[4.168,-0.029],[2.588,-4.938],[-2.414,-6.602],[-3.38,-6.589],[-4.316,-6.512]],"c":true},"ix":2},"nm":"Path 1","mn":"ADBE Vector Shape - Group","hd":false},{"ind":1,"ty":"sh","ix":2,"ks":{"a":0,"k":{"i":[[0,-1.864],[0.546,-1.329],[1.004,-0.872],[1.445,-0.438],[1.794,0],[1.092,0.068],[1.052,0.219],[0,0],[-1.143,0.073],[-0.82,0],[-1.415,-0.397],[-1.015,-0.853],[-0.544,-1.328]],"o":[[0,1.783],[-0.544,1.328],[-1.005,0.872],[-1.442,0.434],[-0.817,0],[-1.091,-0.07],[0,0],[1.052,-0.199],[1.14,-0.069],[1.735,0],[1.412,0.397],[1.012,0.851],[0.546,1.328]],"v":[[8.879,-0.029],[8.059,4.64],[5.735,7.941],[2.061,9.906],[-2.795,10.559],[-5.662,10.455],[-8.879,10.023],[-8.879,-10.054],[-5.588,-10.456],[-2.648,-10.559],[2.078,-9.964],[5.721,-8.09],[8.059,-4.818]],"c":true},"ix":2},"nm":"Path 2","mn":"ADBE Vector Shape - Group","hd":false},{"ty":"mm","mm":1,"nm":"Merge Paths 1","mn":"ADBE Vector Filter - Merge","hd":false},{"ty":"fl","c":{"a":1,"k":[{"i":{"x":[0.667],"y":[1]},"o":{"x":[0.333],"y":[0]},"t":36,"s":[0.039215686275,0.439215686275,0.886274509804,1]},{"i":{"x":[0.667],"y":[1]},"o":{"x":[0.333],"y":[0]},"t":46,"s":[0,0.55363296808,0.980392156863,1]},{"i":{"x":[0.667],"y":[1]},"o":{"x":[0.333],"y":[0]},"t":49,"s":[0.741176486015,0.741176486015,0.741176486015,1]},{"i":{"x":[0.667],"y":[1.338]},"o":{"x":[0.333],"y":[0]},"t":143,"s":[0.741176486015,0.741176486015,0.741176486015,1]},{"i":{"x":[0.667],"y":[1]},"o":{"x":[0.333],"y":[-3.026]},"t":147,"s":[0.039215687662,0.439215689898,0.886274516582,1]},{"t":149,"s":[0,0.55363296808,0.980392156863,1]}],"ix":4},"o":{"a":0,"k":100,"ix":5},"r":1,"bm":0,"nm":"Fill 1","mn":"ADBE Vector Graphic - Fill","hd":false},{"ty":"tr","p":{"a":0,"k":[9.129,10.81],"ix":2},"a":{"a":0,"k":[0,0],"ix":1},"s":{"a":0,"k":[100,100],"ix":3},"r":{"a":0,"k":0,"ix":6},"o":{"a":0,"k":100,"ix":7},"sk":{"a":0,"k":0,"ix":4},"sa":{"a":0,"k":0,"ix":5},"nm":"Transform"}],"nm":"Group 1","np":4,"cix":2,"bm":0,"ix":1,"mn":"ADBE Vector Group","hd":false}],"ip":0,"op":3600,"st":0,"ct":1,"bm":0},{"ddd":0,"ind":15,"ty":4,"nm":"lettre_B_inside Outlines","sr":1,"ks":{"o":{"a":0,"k":100,"ix":11},"r":{"a":0,"k":0,"ix":10},"p":{"a":0,"k":[389.996,369.933,0],"ix":2,"l":2},"a":{"a":0,"k":[47.437,33.404,0],"ix":1,"l":2},"s":{"a":0,"k":[100,100,100],"ix":6,"l":2}},"ao":0,"shapes":[{"ty":"gr","it":[{"ind":0,"ty":"sh","ix":1,"ks":{"a":0,"k":{"i":[[1.024,-4.757],[7.862,-1.652],[3.552,-0.032],[15.397,0],[0.628,0.032],[0,0],[0,0],[-14.338,-0.084],[-5.27,-2.014],[-1.339,-7.119]],"o":[[-1.784,8.227],[-3.452,0.726],[-15.38,0.116],[-0.512,0],[0,0],[0,0],[14.34,0],[5.551,0.032],[6.724,2.561],[0.908,4.807]],"v":[[36.268,7.797],[21.022,21.987],[10.432,23.225],[-35.737,23.276],[-37.389,23.193],[-37.389,-23.507],[-35.046,-23.507],[7.97,-23.489],[24.309,-20.963],[36.451,-6.558]],"c":true},"ix":2},"nm":"Path 1","mn":"ADBE Vector Shape - Group","hd":false},{"ind":1,"ty":"sh","ix":2,"ks":{"a":0,"k":{"i":[[0.66,5.881],[11.199,4.461],[6.839,0],[17.709,0],[0,0],[0,0],[-0.446,0],[-18.684,0.166],[-4.345,0.992],[-3.237,10.752]],"o":[[-1.322,-11.729],[-6.428,-2.561],[-17.709,-0.016],[0,0],[0,0],[0.53,0.017],[18.7,0],[4.459,-0.048],[10.555,-2.411],[1.718,-5.7]],"v":[[46.526,-5.17],[28.273,-29.883],[8.285,-33.138],[-44.824,-33.154],[-47.186,-33.154],[-47.186,32.988],[-45.766,33.053],[10.318,32.988],[23.648,31.37],[45.138,12.275]],"c":true},"ix":2},"nm":"Path 2","mn":"ADBE Vector Shape - Group","hd":false},{"ty":"mm","mm":1,"nm":"Merge Paths 1","mn":"ADBE Vector Filter - Merge","hd":false},{"ty":"fl","c":{"a":1,"k":[{"i":{"x":[0.667],"y":[1]},"o":{"x":[0.333],"y":[0]},"t":36,"s":[0.039215686275,0.439215686275,0.886274509804,1]},{"i":{"x":[0.667],"y":[1]},"o":{"x":[0.333],"y":[0]},"t":46,"s":[0,0.55363296808,0.980392156863,1]},{"i":{"x":[0.667],"y":[1]},"o":{"x":[0.333],"y":[0]},"t":49,"s":[0.741176486015,0.741176486015,0.741176486015,1]},{"i":{"x":[0.667],"y":[1.338]},"o":{"x":[0.333],"y":[0]},"t":143,"s":[0.741176486015,0.741176486015,0.741176486015,1]},{"i":{"x":[0.667],"y":[1]},"o":{"x":[0.333],"y":[-3.026]},"t":147,"s":[0.039215687662,0.439215689898,0.886274516582,1]},{"t":149,"s":[0,0.55363296808,0.980392156863,1]}],"ix":4},"o":{"a":0,"k":100,"ix":5},"r":1,"bm":0,"nm":"Fill 1","mn":"ADBE Vector Graphic - Fill","hd":false},{"ty":"tr","p":{"a":0,"k":[47.436,33.404],"ix":2},"a":{"a":0,"k":[0,0],"ix":1},"s":{"a":0,"k":[100,100],"ix":3},"r":{"a":0,"k":0,"ix":6},"o":{"a":0,"k":100,"ix":7},"sk":{"a":0,"k":0,"ix":4},"sa":{"a":0,"k":0,"ix":5},"nm":"Transform"}],"nm":"Group 1","np":4,"cix":2,"bm":0,"ix":1,"mn":"ADBE Vector Group","hd":false}],"ip":0,"op":3600,"st":0,"ct":1,"bm":0},{"ddd":0,"ind":16,"ty":4,"nm":"lettre_B Outlines","sr":1,"ks":{"o":{"a":0,"k":100,"ix":11},"r":{"a":0,"k":0,"ix":10},"p":{"a":0,"k":[394.358,426.692,0],"ix":2,"l":2},"a":{"a":0,"k":[113.083,140.842,0],"ix":1,"l":2},"s":{"a":0,"k":[100,100,100],"ix":6,"l":2}},"ao":0,"shapes":[{"ty":"gr","it":[{"ind":0,"ty":"sh","ix":1,"ks":{"a":0,"k":{"i":[[0.314,-13.413],[6.658,-10.803],[14.685,-5.187],[12.273,-0.282],[3.221,0.067],[0.412,0.562],[9.53,12.917],[0.346,0.612],[0,0],[-3.651,20.334],[3.403,9.004],[15.774,2.529],[2.692,0.016],[18.435,0],[0,0],[0,0],[0.199,-0.132],[0.248,0.346],[16.487,22.382],[0,0.908],[0,25.043],[-0.048,0.826],[0,0],[-36.473,-0.016],[-14.171,-5.499],[-7.053,-12.902],[-0.71,-8.886],[4.245,-10.01],[15.082,-5.865],[5.336,-1.949],[-6.194,-2.196],[-8.242,-11.581]],"o":[[-0.313,12.537],[-8.309,13.495],[-11.614,4.114],[-3.239,0.067],[-0.728,-0.017],[-9.581,-12.867],[-0.15,-0.198],[0,0],[20.65,0],[1.685,-9.399],[-5.765,-15.196],[-2.66,-0.428],[-18.435,-0.032],[0,0],[0,0],[-0.199,0.116],[-0.198,-0.38],[-16.502,-22.366],[-0.528,-0.728],[-0.05,-25.043],[0,-0.578],[0,0],[36.474,0],[15.067,0.017],[13.48,5.222],[4.312,7.896],[0.877,10.739],[-6.409,15.099],[-4.775,1.85],[6.889,2.114],[13.165,4.641],[7.914,11.101]],"v":[[101.864,62.243],[92.25,97.511],[56.999,124.601],[21.071,130.731],[11.374,130.846],[9.26,129.822],[-19.384,91.119],[-19.996,90.076],[9.027,90.076],[49.35,56.265],[47.518,28.561],[14.579,2.61],[6.501,2.081],[-48.806,2.066],[-51.58,2.066],[-51.58,16.965],[-52.191,17.346],[-52.803,16.205],[-102.31,-50.911],[-103.152,-53.637],[-103.184,-128.766],[-103.054,-130.748],[-100.856,-130.748],[8.565,-130.748],[52.637,-123.563],[84.139,-97.18],[91.275,-71.859],[86.98,-40.587],[54.141,-9.745],[39.191,-4.245],[58.651,1.752],[91.49,25.175]],"c":true},"ix":2},"nm":"Path 1","mn":"ADBE Vector Shape - Group","hd":false},{"ind":1,"ty":"sh","ix":2,"ks":{"a":0,"k":{"i":[[1.602,18.154],[17.957,11.927],[4.526,2.595],[-0.645,0.412],[-4.922,15.13],[1.553,11.861],[23.059,10.688],[12.767,1.156],[3.055,0.28],[0,0],[0,-0.264],[-0.05,-29.934],[-0.576,-0.794],[-19.69,-26.661],[-2.642,0.892],[-0.016,3.023],[0,4.692],[0,0],[0,0],[-14.34,-0.032],[-2.496,-0.298],[-4.559,-12.637],[1.206,-7.152],[16.602,0],[0,0],[-0.082,-0.116],[-14.438,-19.459],[-0.778,-0.016],[-4.757,0.084],[-12.869,4.592],[-9.401,14.95]],"o":[[-1.901,-21.474],[-4.196,-2.793],[0.595,-0.362],[13.464,-8.376],[3.733,-11.465],[-3.319,-25.191],[-11.696,-5.418],[-3.057,-0.282],[0,0],[-0.016,0.264],[0,29.916],[0,0.94],[19.66,26.677],[1.885,2.543],[2.444,-0.825],[0.018,-4.691],[0,0],[0,0],[14.338,0],[2.495,0],[12.999,1.553],[2.461,6.838],[-2.759,16.42],[0,0],[0.214,0.462],[14.388,19.493],[0.446,0.593],[4.757,0.066],[13.611,-0.229],[16.387,-5.848],[9.829,-15.645]],"v":[[111.231,52.382],[81.331,2.197],[68.067,-5.468],[69.95,-6.657],[97.767,-41.727],[100.526,-76.764],[60.964,-130.632],[24.078,-139.766],[14.893,-140.593],[-112.767,-140.593],[-112.815,-139.801],[-112.783,-50.019],[-111.727,-47.178],[-52.671,32.824],[-45.765,35.3],[-41.868,29.255],[-41.868,15.18],[-41.868,11.713],[-39.026,11.713],[3.99,11.727],[11.507,12.025],[38.597,32.559],[39.918,53.653],[8.582,80.299],[-39.339,80.299],[-39.009,81.008],[4.204,139.47],[6.485,140.527],[20.757,140.475],[60.567,133.704],[100.048,103.459]],"c":true},"ix":2},"nm":"Path 2","mn":"ADBE Vector Shape - Group","hd":false},{"ty":"mm","mm":1,"nm":"Merge Paths 1","mn":"ADBE Vector Filter - Merge","hd":false},{"ty":"fl","c":{"a":1,"k":[{"i":{"x":[0.667],"y":[1]},"o":{"x":[0.333],"y":[0]},"t":36,"s":[0.039215686275,0.439215686275,0.886274509804,1]},{"i":{"x":[0.667],"y":[1]},"o":{"x":[0.333],"y":[0]},"t":46,"s":[0,0.55363296808,0.980392156863,1]},{"i":{"x":[0.667],"y":[1]},"o":{"x":[0.333],"y":[0]},"t":49,"s":[0.741176486015,0.741176486015,0.741176486015,1]},{"i":{"x":[0.667],"y":[1.338]},"o":{"x":[0.333],"y":[0]},"t":143,"s":[0.741176486015,0.741176486015,0.741176486015,1]},{"i":{"x":[0.667],"y":[1]},"o":{"x":[0.333],"y":[-3.026]},"t":147,"s":[0.039215687662,0.439215689898,0.886274516582,1]},{"t":149,"s":[0,0.55363296808,0.980392156863,1]}],"ix":4},"o":{"a":0,"k":100,"ix":5},"r":1,"bm":0,"nm":"Fill 1","mn":"ADBE Vector Graphic - Fill","hd":false},{"ty":"tr","p":{"a":0,"k":[113.083,140.842],"ix":2},"a":{"a":0,"k":[0,0],"ix":1},"s":{"a":0,"k":[100,100],"ix":3},"r":{"a":0,"k":0,"ix":6},"o":{"a":0,"k":100,"ix":7},"sk":{"a":0,"k":0,"ix":4},"sa":{"a":0,"k":0,"ix":5},"nm":"Transform"}],"nm":"Group 1","np":4,"cix":2,"bm":0,"ix":1,"mn":"ADBE Vector Group","hd":false}],"ip":0,"op":3600,"st":0,"ct":1,"bm":0}]},{"id":"comp_1","nm":"round","fr":60,"layers":[{"ddd":0,"ind":1,"ty":4,"nm":"Shape Layer 1","sr":1,"ks":{"o":{"a":0,"k":100,"ix":11},"r":{"a":0,"k":0,"ix":10},"p":{"a":0,"k":[965,547,0],"ix":2,"l":2},"a":{"a":0,"k":[0,0,0],"ix":1,"l":2},"s":{"a":1,"k":[{"i":{"x":[0.667,0.667,0.667],"y":[1,1,1]},"o":{"x":[0.333,0.333,0.333],"y":[0,0,0]},"t":44,"s":[0,0,100]},{"i":{"x":[0.667,0.667,0.667],"y":[1,1,1]},"o":{"x":[0.333,0.333,0.333],"y":[0,0,0]},"t":78,"s":[750,750,100]},{"i":{"x":[0.667,0.667,0.667],"y":[1,1,1]},"o":{"x":[0.333,0.333,0.333],"y":[0,0,0]},"t":120,"s":[750,750,100]},{"t":147,"s":[0,0,100]}],"ix":6,"l":2}},"ao":0,"shapes":[{"ty":"gr","it":[{"d":1,"ty":"el","s":{"a":0,"k":[738,738],"ix":2},"p":{"a":0,"k":[0,0],"ix":3},"nm":"Ellipse Path 1","mn":"ADBE Vector Shape - Ellipse","hd":false},{"ty":"fl","c":{"a":0,"k":[0.909803921569,0.909803921569,0.909803921569,1],"ix":4},"o":{"a":0,"k":100,"ix":5},"r":1,"bm":0,"nm":"Fill 1","mn":"ADBE Vector Graphic - Fill","hd":false},{"ty":"tr","p":{"a":0,"k":[-5,-27],"ix":2},"a":{"a":0,"k":[0,0],"ix":1},"s":{"a":0,"k":[100,100],"ix":3},"r":{"a":0,"k":0,"ix":6},"o":{"a":0,"k":100,"ix":7},"sk":{"a":0,"k":0,"ix":4},"sa":{"a":0,"k":0,"ix":5},"nm":"Transform"}],"nm":"Ellipse 1","np":3,"cix":2,"bm":0,"ix":1,"mn":"ADBE Vector Group","hd":false}],"ip":0,"op":3600,"st":0,"ct":1,"bm":0},{"ddd":0,"ind":2,"ty":1,"nm":"color","sr":1,"ks":{"o":{"a":0,"k":100,"ix":11},"r":{"a":0,"k":0,"ix":10},"p":{"a":0,"k":[960,540,0],"ix":2,"l":2},"a":{"a":0,"k":[960,540,0],"ix":1,"l":2},"s":{"a":0,"k":[100,100,100],"ix":6,"l":2}},"ao":0,"sw":1920,"sh":1080,"sc":"#0a70e2","ip":0,"op":3600,"st":0,"bm":0}]}],"layers":[{"ddd":0,"ind":1,"ty":0,"nm":"logo_kb","td":1,"refId":"comp_0","sr":1,"ks":{"o":{"a":0,"k":100,"ix":11},"r":{"a":1,"k":[{"i":{"x":[0.833],"y":[0.833]},"o":{"x":[0.167],"y":[0.167]},"t":39,"s":[0]},{"i":{"x":[0.833],"y":[0.833]},"o":{"x":[0.167],"y":[0.167]},"t":44.652,"s":[-1.393]},{"i":{"x":[0.833],"y":[0.833]},"o":{"x":[0.167],"y":[0.167]},"t":52,"s":[0]},{"i":{"x":[0.833],"y":[0.833]},"o":{"x":[0.167],"y":[0.167]},"t":142,"s":[0]},{"i":{"x":[0.833],"y":[0.833]},"o":{"x":[0.167],"y":[0.167]},"t":149,"s":[5]},{"t":156,"s":[0]}],"ix":10},"p":{"a":0,"k":[960,540,0],"ix":2,"l":2},"a":{"a":0,"k":[306,396,0],"ix":1,"l":2},"s":{"a":1,"k":[{"i":{"x":[0.667,0.667,0.667],"y":[1,1,1]},"o":{"x":[0.333,0.333,0.333],"y":[0,0,0]},"t":0,"s":[100,100,100]},{"i":{"x":[0.667,0.667,0.667],"y":[1,1,1]},"o":{"x":[0.333,0.333,0.333],"y":[0,0,0]},"t":33,"s":[120,120,100]},{"i":{"x":[0.667,0.667,0.667],"y":[1,1,1]},"o":{"x":[0.333,0.333,0.333],"y":[0,0,0]},"t":42,"s":[90,90,100]},{"i":{"x":[0.667,0.667,0.667],"y":[1,1,1]},"o":{"x":[0.333,0.333,0.333],"y":[0,0,0]},"t":47,"s":[100,100,100]},{"i":{"x":[0.667,0.667,0.667],"y":[1,1,1]},"o":{"x":[0.333,0.333,0.333],"y":[0,0,0]},"t":141,"s":[100,100,100]},{"i":{"x":[0.667,0.667,0.667],"y":[1,1,1]},"o":{"x":[0.333,0.333,0.333],"y":[0,0,0]},"t":150,"s":[109.15,109.15,100]},{"t":155,"s":[100,100,100]}],"ix":6,"l":2}},"ao":0,"w":612,"h":792,"ip":0,"op":3600,"st":0,"bm":0},{"ddd":0,"ind":2,"ty":0,"nm":"round","tt":1,"tp":1,"refId":"comp_1","sr":1,"ks":{"o":{"a":0,"k":100,"ix":11},"r":{"a":0,"k":0,"ix":10},"p":{"a":0,"k":[960,540,0],"ix":2,"l":2},"a":{"a":0,"k":[960,540,0],"ix":1,"l":2},"s":{"a":0,"k":[100,100,100],"ix":6,"l":2}},"ao":0,"w":1920,"h":1080,"ip":0,"op":3600,"st":0,"bm":0},{"ddd":0,"ind":3,"ty":3,"nm":"Null 1","sr":1,"ks":{"o":{"a":0,"k":0,"ix":11},"r":{"a":1,"k":[{"i":{"x":[0.833],"y":[1]},"o":{"x":[0.333],"y":[0]},"t":-8,"s":[0]},{"t":482,"s":[380]}],"ix":10},"p":{"a":0,"k":[946,542,0],"ix":2,"l":2},"a":{"a":0,"k":[50,52.667,0],"ix":1,"l":2},"s":{"a":1,"k":[{"i":{"x":[0.667,0.667,0.667],"y":[1,1,1]},"o":{"x":[0.333,0.333,0.333],"y":[0,0,0]},"t":41,"s":[0,0,100]},{"i":{"x":[0.833,0.833,0.833],"y":[1,1,1]},"o":{"x":[0.333,0.333,0.333],"y":[0,0,0]},"t":60,"s":[239.888,239.888,100]},{"i":{"x":[0.833,0.833,0.833],"y":[1,1,1]},"o":{"x":[0.167,0.167,0.167],"y":[0,0,0]},"t":66,"s":[244.114,244.114,100]},{"i":{"x":[0.667,0.667,0.667],"y":[1,1,1]},"o":{"x":[0.167,0.167,0.167],"y":[0,0,0]},"t":137,"s":[244.114,244.114,100]},{"t":153,"s":[0,0,100]}],"ix":6,"l":2}},"ao":0,"ip":0,"op":2105,"st":5,"bm":0},{"ddd":0,"ind":4,"ty":4,"nm":"Layer 2 Outlines","parent":3,"sr":1,"ks":{"o":{"a":0,"k":100,"ix":11},"r":{"a":1,"k":[{"i":{"x":[0.667],"y":[1]},"o":{"x":[0.333],"y":[0]},"t":0,"s":[0]},{"t":173,"s":[360]}],"ix":10,"x":"var $bm_rt;\n$bm_rt = loopOut();"},"p":{"a":0,"k":[213.824,154.868,0],"ix":2,"l":2},"a":{"a":0,"k":[15.416,15.017,0],"ix":1,"l":2},"s":{"a":0,"k":[100,100,100],"ix":6,"l":2}},"ao":0,"shapes":[{"ty":"gr","it":[{"ind":0,"ty":"sh","ix":1,"ks":{"a":0,"k":{"i":[[0,0],[0,0],[0,0],[0,0],[0,0],[0,0],[0,0],[0,0],[0,0],[0,0]],"o":[[0,0],[0,0],[0,0],[0,0],[0,0],[0,0],[0,0],[0,0],[0,0],[0,0]],"v":[[0.814,14.768],[-4.195,5.008],[-15.167,4.869],[-7.414,-2.927],[-10.665,-13.376],[-0.906,-8.424],[8.076,-14.768],[6.38,-3.926],[15.167,2.643],[4.333,4.376]],"c":true},"ix":2},"nm":"Path 1","mn":"ADBE Vector Shape - Group","hd":false},{"ind":1,"ty":"sh","ix":2,"ks":{"a":0,"k":{"i":[[0,0],[0,0],[0,0],[0,0],[0,0],[0,0],[0,0],[0,0],[0,0],[0,0]],"o":[[0,0],[0,0],[0,0],[0,0],[0,0],[0,0],[0,0],[0,0],[0,0],[0,0]],"v":[[0.361,8.927],[2.615,2.343],[9.508,1.249],[3.918,-2.891],[4.982,-9.765],[-0.698,-5.762],[-6.884,-8.902],[-4.848,-2.307],[-9.743,2.625],[-2.789,2.725]],"c":true},"ix":2},"nm":"Path 2","mn":"ADBE Vector Shape - Group","hd":false},{"ty":"mm","mm":1,"nm":"Merge Paths 1","mn":"ADBE Vector Filter - Merge","hd":false},{"ty":"fl","c":{"a":0,"k":[0.039215686275,0.439215686275,0.886274509804,1],"ix":4},"o":{"a":0,"k":100,"ix":5},"r":1,"bm":0,"nm":"Fill 1","mn":"ADBE Vector Graphic - Fill","hd":false},{"ty":"tr","p":{"a":0,"k":[15.416,15.017],"ix":2},"a":{"a":0,"k":[0,0],"ix":1},"s":{"a":0,"k":[100,100],"ix":3},"r":{"a":0,"k":0,"ix":6},"o":{"a":0,"k":100,"ix":7},"sk":{"a":0,"k":0,"ix":4},"sa":{"a":0,"k":0,"ix":5},"nm":"Transform"}],"nm":"Group 1","np":4,"cix":2,"bm":0,"ix":1,"mn":"ADBE Vector Group","hd":false}],"ip":0,"op":3600,"st":0,"ct":1,"bm":0},{"ddd":0,"ind":5,"ty":4,"nm":"Layer 3 Outlines","parent":3,"sr":1,"ks":{"o":{"a":0,"k":100,"ix":11},"r":{"a":1,"k":[{"i":{"x":[0.667],"y":[1]},"o":{"x":[0.333],"y":[0]},"t":0,"s":[0]},{"t":134,"s":[360]}],"ix":10,"x":"var $bm_rt;\n$bm_rt = loopOut();"},"p":{"a":0,"k":[-126.949,101.141,0],"ix":2,"l":2},"a":{"a":0,"k":[10.488,10.002,0],"ix":1,"l":2},"s":{"a":0,"k":[100,100,100],"ix":6,"l":2}},"ao":0,"shapes":[{"ty":"gr","it":[{"ind":0,"ty":"sh","ix":1,"ks":{"a":0,"k":{"i":[[0,0],[0,0],[0,0],[0,0],[0,0],[0,0],[0,0],[0,0],[0,0],[0,0]],"o":[[0,0],[0,0],[0,0],[0,0],[0,0],[0,0],[0,0],[0,0],[0,0],[0,0]],"v":[[4.654,2.549],[6.353,9.752],[-0.008,5.899],[-6.353,9.703],[-4.654,2.501],[-10.238,-2.355],[-2.872,-3.003],[-0.008,-9.752],[2.872,-2.954],[10.238,-2.306]],"c":true},"ix":2},"nm":"Path 1","mn":"ADBE Vector Shape - Group","hd":false},{"ty":"fl","c":{"a":0,"k":[0.039215686275,0.439215686275,0.886274509804,1],"ix":4},"o":{"a":0,"k":100,"ix":5},"r":1,"bm":0,"nm":"Fill 1","mn":"ADBE Vector Graphic - Fill","hd":false},{"ty":"tr","p":{"a":0,"k":[10.488,10.002],"ix":2},"a":{"a":0,"k":[0,0],"ix":1},"s":{"a":0,"k":[100,100],"ix":3},"r":{"a":0,"k":0,"ix":6},"o":{"a":0,"k":100,"ix":7},"sk":{"a":0,"k":0,"ix":4},"sa":{"a":0,"k":0,"ix":5},"nm":"Transform"}],"nm":"Group 1","np":2,"cix":2,"bm":0,"ix":1,"mn":"ADBE Vector Group","hd":false}],"ip":0,"op":3600,"st":0,"ct":1,"bm":0},{"ddd":0,"ind":6,"ty":4,"nm":"Layer 4 Outlines 3","parent":3,"sr":1,"ks":{"o":{"a":0,"k":100,"ix":11},"r":{"a":1,"k":[{"i":{"x":[0.667],"y":[1]},"o":{"x":[0.333],"y":[0]},"t":0,"s":[360]},{"t":173,"s":[0]}],"ix":10,"x":"var $bm_rt;\n$bm_rt = loopOut();"},"p":{"a":0,"k":[36.396,217.348,0],"ix":2,"l":2},"a":{"a":0,"k":[10.815,10.815,0],"ix":1,"l":2},"s":{"a":0,"k":[72.367,72.367,100],"ix":6,"l":2}},"ao":0,"shapes":[{"ty":"gr","it":[{"ind":0,"ty":"sh","ix":1,"ks":{"a":0,"k":{"i":[[0,0],[0,0],[0,0],[0,0],[0,0],[0,0],[0,0],[0,0],[0,0],[0,0],[0,0],[0,0]],"o":[[0,0],[0,0],[0,0],[0,0],[0,0],[0,0],[0,0],[0,0],[0,0],[0,0],[0,0],[0,0]],"v":[[-0.52,10.565],[-2.262,10.333],[-0.986,0.755],[-10.565,-0.52],[-10.333,-2.262],[-0.754,-0.987],[0.521,-10.565],[2.262,-10.333],[0.987,-0.755],[10.565,0.52],[10.334,2.262],[0.755,0.987]],"c":true},"ix":2},"nm":"Path 1","mn":"ADBE Vector Shape - Group","hd":false},{"ty":"fl","c":{"a":0,"k":[0.039215686275,0.439215686275,0.886274509804,1],"ix":4},"o":{"a":0,"k":100,"ix":5},"r":1,"bm":0,"nm":"Fill 1","mn":"ADBE Vector Graphic - Fill","hd":false},{"ty":"tr","p":{"a":0,"k":[10.815,10.815],"ix":2},"a":{"a":0,"k":[0,0],"ix":1},"s":{"a":0,"k":[100,100],"ix":3},"r":{"a":0,"k":0,"ix":6},"o":{"a":0,"k":100,"ix":7},"sk":{"a":0,"k":0,"ix":4},"sa":{"a":0,"k":0,"ix":5},"nm":"Transform"}],"nm":"Group 1","np":2,"cix":2,"bm":0,"ix":1,"mn":"ADBE Vector Group","hd":false}],"ip":0,"op":3600,"st":0,"ct":1,"bm":0},{"ddd":0,"ind":7,"ty":4,"nm":"Layer 4 Outlines 2","parent":3,"sr":1,"ks":{"o":{"a":0,"k":100,"ix":11},"r":{"a":1,"k":[{"i":{"x":[0.667],"y":[1]},"o":{"x":[0.333],"y":[0]},"t":0,"s":[0]},{"t":197,"s":[360]}],"ix":10,"x":"var $bm_rt;\n$bm_rt = loopOut();"},"p":{"a":0,"k":[174.036,-47.283,0],"ix":2,"l":2},"a":{"a":0,"k":[10.815,10.815,0],"ix":1,"l":2},"s":{"a":0,"k":[72.367,72.367,100],"ix":6,"l":2}},"ao":0,"shapes":[{"ty":"gr","it":[{"ind":0,"ty":"sh","ix":1,"ks":{"a":0,"k":{"i":[[0,0],[0,0],[0,0],[0,0],[0,0],[0,0],[0,0],[0,0],[0,0],[0,0],[0,0],[0,0]],"o":[[0,0],[0,0],[0,0],[0,0],[0,0],[0,0],[0,0],[0,0],[0,0],[0,0],[0,0],[0,0]],"v":[[-0.52,10.565],[-2.262,10.333],[-0.986,0.755],[-10.565,-0.52],[-10.333,-2.262],[-0.754,-0.987],[0.521,-10.565],[2.262,-10.333],[0.987,-0.755],[10.565,0.52],[10.334,2.262],[0.755,0.987]],"c":true},"ix":2},"nm":"Path 1","mn":"ADBE Vector Shape - Group","hd":false},{"ty":"fl","c":{"a":0,"k":[0.039215686275,0.439215686275,0.886274509804,1],"ix":4},"o":{"a":0,"k":100,"ix":5},"r":1,"bm":0,"nm":"Fill 1","mn":"ADBE Vector Graphic - Fill","hd":false},{"ty":"tr","p":{"a":0,"k":[10.815,10.815],"ix":2},"a":{"a":0,"k":[0,0],"ix":1},"s":{"a":0,"k":[100,100],"ix":3},"r":{"a":0,"k":0,"ix":6},"o":{"a":0,"k":100,"ix":7},"sk":{"a":0,"k":0,"ix":4},"sa":{"a":0,"k":0,"ix":5},"nm":"Transform"}],"nm":"Group 1","np":2,"cix":2,"bm":0,"ix":1,"mn":"ADBE Vector Group","hd":false}],"ip":0,"op":3600,"st":0,"ct":1,"bm":0},{"ddd":0,"ind":8,"ty":4,"nm":"Layer 4 Outlines","parent":3,"sr":1,"ks":{"o":{"a":0,"k":100,"ix":11},"r":{"a":1,"k":[{"i":{"x":[0.667],"y":[1]},"o":{"x":[0.333],"y":[0]},"t":0,"s":[0]},{"t":173,"s":[360]}],"ix":10,"x":"var $bm_rt;\n$bm_rt = loopOut();"},"p":{"a":0,"k":[-129.92,-41.548,0],"ix":2,"l":2},"a":{"a":0,"k":[10.815,10.815,0],"ix":1,"l":2},"s":{"a":0,"k":[100,100,100],"ix":6,"l":2}},"ao":0,"shapes":[{"ty":"gr","it":[{"ind":0,"ty":"sh","ix":1,"ks":{"a":0,"k":{"i":[[0,0],[0,0],[0,0],[0,0],[0,0],[0,0],[0,0],[0,0],[0,0],[0,0],[0,0],[0,0]],"o":[[0,0],[0,0],[0,0],[0,0],[0,0],[0,0],[0,0],[0,0],[0,0],[0,0],[0,0],[0,0]],"v":[[-0.52,10.565],[-2.262,10.333],[-0.986,0.755],[-10.565,-0.52],[-10.333,-2.262],[-0.754,-0.987],[0.521,-10.565],[2.262,-10.333],[0.987,-0.755],[10.565,0.52],[10.334,2.262],[0.755,0.987]],"c":true},"ix":2},"nm":"Path 1","mn":"ADBE Vector Shape - Group","hd":false},{"ty":"fl","c":{"a":0,"k":[0.039215686275,0.439215686275,0.886274509804,1],"ix":4},"o":{"a":0,"k":100,"ix":5},"r":1,"bm":0,"nm":"Fill 1","mn":"ADBE Vector Graphic - Fill","hd":false},{"ty":"tr","p":{"a":0,"k":[10.815,10.815],"ix":2},"a":{"a":0,"k":[0,0],"ix":1},"s":{"a":0,"k":[100,100],"ix":3},"r":{"a":0,"k":0,"ix":6},"o":{"a":0,"k":100,"ix":7},"sk":{"a":0,"k":0,"ix":4},"sa":{"a":0,"k":0,"ix":5},"nm":"Transform"}],"nm":"Group 1","np":2,"cix":2,"bm":0,"ix":1,"mn":"ADBE Vector Group","hd":false}],"ip":0,"op":3600,"st":0,"ct":1,"bm":0},{"ddd":0,"ind":9,"ty":4,"nm":"Layer 8 Outlines","parent":3,"sr":1,"ks":{"o":{"a":0,"k":100,"ix":11},"r":{"a":1,"k":[{"i":{"x":[0.667],"y":[1]},"o":{"x":[0.333],"y":[0]},"t":37,"s":[0]},{"t":232,"s":[-170.896]}],"ix":10},"p":{"a":1,"k":[{"i":{"x":0.833,"y":0.833},"o":{"x":0.167,"y":0.167},"t":141,"s":[200.37,106.709,0],"to":[-24.707,-9.207,0],"ti":[24.707,9.207,0]},{"t":147,"s":[52.125,51.467,0]}],"ix":2,"l":2},"a":{"a":0,"k":[22.301,22.26,0],"ix":1,"l":2},"s":{"a":0,"k":[100,100,100],"ix":6,"l":2}},"ao":0,"shapes":[{"ty":"gr","it":[{"ind":0,"ty":"sh","ix":1,"ks":{"a":0,"k":{"i":[[0,0],[0,0]],"o":[[0,0],[0,0]],"v":[[-19.017,1.491],[-1.949,-18.976]],"c":true},"ix":2},"nm":"Path 1","mn":"ADBE Vector Shape - Group","hd":false},{"ind":1,"ty":"sh","ix":2,"ks":{"a":0,"k":{"i":[[0,0],[0,0],[0,0],[0,0]],"o":[[0,0],[0,0],[0,0],[0,0]],"v":[[-19.017,1.491],[1.949,18.975],[19.017,-1.491],[-1.949,-18.976]],"c":true},"ix":2},"nm":"Path 2","mn":"ADBE Vector Shape - Group","hd":false},{"ind":2,"ty":"sh","ix":3,"ks":{"a":0,"k":{"i":[[0,0],[0,0],[0,0],[0,0]],"o":[[0,0],[0,0],[0,0],[0,0]],"v":[[-11.622,0.821],[1.28,11.581],[3.201,9.277],[-9.701,-1.483]],"c":true},"ix":2},"nm":"Path 3","mn":"ADBE Vector Shape - Group","hd":false},{"ind":3,"ty":"sh","ix":4,"ks":{"a":0,"k":{"i":[[-0.436,-0.363],[-0.54,0.049],[-0.363,0.435],[0.049,0.54],[0.436,0.363],[0.539,-0.049],[0.362,-0.435],[-0.049,-0.54]],"o":[[0.435,0.363],[0.54,-0.048],[0.362,-0.435],[-0.049,-0.539],[-0.434,-0.363],[-0.54,0.049],[-0.364,0.436],[0.05,0.54]],"v":[[6.206,3.254],[7.669,3.725],[9.023,2.999],[9.494,1.536],[8.767,0.182],[7.305,-0.289],[5.951,0.437],[5.479,1.9]],"c":true},"ix":2},"nm":"Path 4","mn":"ADBE Vector Shape - Group","hd":false},{"ind":4,"ty":"sh","ix":5,"ks":{"a":0,"k":{"i":[[-0.435,-0.363],[-0.54,0.049],[-0.363,0.436],[0.049,0.54],[0.435,0.363],[0.54,-0.049],[0.363,-0.435],[-0.049,-0.54]],"o":[[0.435,0.363],[0.54,-0.049],[0.363,-0.434],[-0.049,-0.54],[-0.435,-0.363],[-0.54,0.049],[-0.363,0.435],[0.049,0.54]],"v":[[-4.316,-5.52],[-2.853,-5.049],[-1.499,-5.776],[-1.028,-7.238],[-1.754,-8.592],[-3.217,-9.063],[-4.571,-8.337],[-5.042,-6.874]],"c":true},"ix":2},"nm":"Path 5","mn":"ADBE Vector Shape - Group","hd":false},{"ind":5,"ty":"sh","ix":6,"ks":{"a":0,"k":{"i":[[0,0],[0.132,1.455],[-0.961,1.152],[-1.456,0.132],[-1.153,-0.96],[0,0],[-0.844,0.077],[-0.615,-0.512],[0,0],[-1.455,0.132],[-1.152,-0.96],[-0.132,-1.456],[0.961,-1.152],[0,0],[-0.076,-0.846],[0.512,-0.614],[0,0],[-0.132,-1.455],[0.961,-1.152],[1.455,-0.132],[1.151,0.96],[0,0],[0.845,-0.077],[0.614,0.513],[0,0],[0.077,0.845],[-0.512,0.615]],"o":[[-1.152,-0.961],[-0.132,-1.455],[0.96,-1.152],[1.455,-0.132],[0,0],[0.513,-0.614],[0.846,-0.076],[0,0],[0.961,-1.152],[1.455,-0.132],[1.152,0.961],[0.132,1.455],[0,0],[0.614,0.512],[0.076,0.845],[0,0],[1.153,0.961],[0.132,1.455],[-0.961,1.153],[-1.456,0.132],[0,0],[-0.513,0.615],[-0.845,0.077],[0,0],[-0.615,-0.512],[-0.076,-0.845],[0,0]],"v":[[-15.044,-7.957],[-16.97,-11.581],[-15.726,-15.492],[-12.102,-17.418],[-8.191,-16.175],[-4.253,-20.898],[-2.217,-21.934],[-0.027,-21.28],[6.347,-15.964],[9.971,-17.89],[13.882,-16.647],[15.808,-13.022],[14.564,-9.111],[20.939,-3.795],[21.975,-1.759],[21.322,0.429],[17.382,5.153],[19.308,8.777],[18.065,12.688],[14.441,14.614],[10.53,13.371],[4.254,20.897],[2.217,21.933],[0.028,21.279],[-20.938,3.795],[-21.975,1.759],[-21.321,-0.431]],"c":true},"ix":2},"nm":"Path 6","mn":"ADBE Vector Shape - Group","hd":false},{"ty":"mm","mm":1,"nm":"Merge Paths 1","mn":"ADBE Vector Filter - Merge","hd":false},{"ty":"fl","c":{"a":0,"k":[0.039215686275,0.439215686275,0.886274509804,1],"ix":4},"o":{"a":0,"k":100,"ix":5},"r":1,"bm":0,"nm":"Fill 1","mn":"ADBE Vector Graphic - Fill","hd":false},{"ty":"tr","p":{"a":0,"k":[22.301,22.26],"ix":2},"a":{"a":0,"k":[0,0],"ix":1},"s":{"a":0,"k":[100,100],"ix":3},"r":{"a":0,"k":0,"ix":6},"o":{"a":0,"k":100,"ix":7},"sk":{"a":0,"k":0,"ix":4},"sa":{"a":0,"k":0,"ix":5},"nm":"Transform"}],"nm":"Group 1","np":8,"cix":2,"bm":0,"ix":1,"mn":"ADBE Vector Group","hd":false}],"ip":0,"op":3600,"st":0,"ct":1,"bm":0},{"ddd":0,"ind":10,"ty":4,"nm":"Layer 9 Outlines","parent":3,"sr":1,"ks":{"o":{"a":0,"k":100,"ix":11},"r":{"a":1,"k":[{"i":{"x":[0.667],"y":[1]},"o":{"x":[0.333],"y":[0]},"t":37,"s":[0]},{"t":232,"s":[-117.267]}],"ix":10},"p":{"a":0,"k":[97.945,181.576,0],"ix":2,"l":2},"a":{"a":0,"k":[20.25,18.25,0],"ix":1,"l":2},"s":{"a":0,"k":[100,100,100],"ix":6,"l":2}},"ao":0,"shapes":[{"ty":"gr","it":[{"ind":0,"ty":"sh","ix":1,"ks":{"a":0,"k":{"i":[[0,0],[0,0]],"o":[[0,0],[0,0]],"v":[[-17,11],[-17,-15]],"c":true},"ix":2},"nm":"Path 1","mn":"ADBE Vector Shape - Group","hd":false},{"ind":1,"ty":"sh","ix":2,"ks":{"a":0,"k":{"i":[[0,0],[0,0],[0,0],[0,0]],"o":[[0,0],[0,0],[0,0],[0,0]],"v":[[-17,11],[17,11],[17,-15],[-17,-15]],"c":true},"ix":2},"nm":"Path 2","mn":"ADBE Vector Shape - Group","hd":false},{"ind":2,"ty":"sh","ix":3,"ks":{"a":0,"k":{"i":[[0,0],[0,0],[0,0],[0.6,0.599],[0,0.801],[0,0],[-0.6,0.6],[-0.8,0],[0,0],[-0.6,-0.599],[0,-0.8],[0,0],[0.6,-0.601],[0.8,0],[0,0],[0,0]],"o":[[0,0],[0,0],[-0.8,0],[-0.6,-0.601],[0,0],[0,-0.8],[0.6,-0.599],[0,0],[0.8,0],[0.6,0.6],[0,0],[0,0.801],[-0.6,0.599],[0,0],[0,0],[0,0]],"v":[[-7.5,18],[-7.5,14],[-17,14],[-19.1,13.101],[-20,11],[-20,-15],[-19.1,-17.1],[-17,-18],[17,-18],[19.1,-17.1],[20,-15],[20,11],[19.1,13.101],[17,14],[7.5,14],[7.5,18]],"c":true},"ix":2},"nm":"Path 3","mn":"ADBE Vector Shape - Group","hd":false},{"ind":3,"ty":"sh","ix":4,"ks":{"a":0,"k":{"i":[[0,0],[0,0],[0,0],[0,0]],"o":[[0,0],[0,0],[0,0],[0,0]],"v":[[-12,-5],[4,-5],[4,-7],[-12,-7]],"c":true},"ix":2},"nm":"Path 4","mn":"ADBE Vector Shape - Group","hd":false},{"ind":4,"ty":"sh","ix":5,"ks":{"a":0,"k":{"i":[[0,0],[0,0],[0,0],[0,0],[0,0],[0,0],[0,0],[0,0]],"o":[[0,0],[0,0],[0,0],[0,0],[0,0],[0,0],[0,0],[0,0]],"v":[[7,-2.5],[9,-2.5],[9,-5],[12,-5],[12,-7],[9,-7],[9,-9.5],[7,-9.5]],"c":true},"ix":2},"nm":"Path 5","mn":"ADBE Vector Shape - Group","hd":false},{"ind":5,"ty":"sh","ix":6,"ks":{"a":0,"k":{"i":[[0,0],[0,0],[0,0],[0,0]],"o":[[0,0],[0,0],[0,0],[0,0]],"v":[[-4,3],[12,3],[12,1],[-4,1]],"c":true},"ix":2},"nm":"Path 6","mn":"ADBE Vector Shape - Group","hd":false},{"ind":6,"ty":"sh","ix":7,"ks":{"a":0,"k":{"i":[[0,0],[0,0],[0,0],[0,0],[0,0],[0,0],[0,0],[0,0]],"o":[[0,0],[0,0],[0,0],[0,0],[0,0],[0,0],[0,0],[0,0]],"v":[[-9,5.5],[-7,5.5],[-7,-1.5],[-9,-1.5],[-9,1],[-12,1],[-12,3],[-9,3]],"c":true},"ix":2},"nm":"Path 7","mn":"ADBE Vector Shape - Group","hd":false},{"ty":"mm","mm":1,"nm":"Merge Paths 1","mn":"ADBE Vector Filter - Merge","hd":false},{"ty":"fl","c":{"a":0,"k":[0.039215686275,0.439215686275,0.886274509804,1],"ix":4},"o":{"a":0,"k":100,"ix":5},"r":1,"bm":0,"nm":"Fill 1","mn":"ADBE Vector Graphic - Fill","hd":false},{"ty":"tr","p":{"a":0,"k":[20.25,18.25],"ix":2},"a":{"a":0,"k":[0,0],"ix":1},"s":{"a":0,"k":[100,100],"ix":3},"r":{"a":0,"k":0,"ix":6},"o":{"a":0,"k":100,"ix":7},"sk":{"a":0,"k":0,"ix":4},"sa":{"a":0,"k":0,"ix":5},"nm":"Transform"}],"nm":"Group 1","np":9,"cix":2,"bm":0,"ix":1,"mn":"ADBE Vector Group","hd":false}],"ip":0,"op":3600,"st":0,"ct":1,"bm":0},{"ddd":0,"ind":11,"ty":4,"nm":"Layer 10 Outlines","parent":3,"sr":1,"ks":{"o":{"a":0,"k":100,"ix":11},"r":{"a":1,"k":[{"i":{"x":[0.667],"y":[1]},"o":{"x":[0.333],"y":[0]},"t":37,"s":[0.924]},{"t":232,"s":[-107.878]}],"ix":10},"p":{"a":1,"k":[{"i":{"x":0.833,"y":0.833},"o":{"x":0.167,"y":0.167},"t":37,"s":[-13.106,180.076,0],"to":[0.254,0.308,0],"ti":[-1.343,-1.63,0]},{"i":{"x":0.833,"y":0.833},"o":{"x":0.167,"y":0.167},"t":138,"s":[-10.136,183.683,0],"to":[0.059,0.071,0],"ti":[-0.059,-0.071,0]},{"t":144,"s":[2.914,110.912,0]}],"ix":2,"l":2},"a":{"a":0,"k":[18.25,18.25,0],"ix":1,"l":2},"s":{"a":0,"k":[100,100,100],"ix":6,"l":2}},"ao":0,"shapes":[{"ty":"gr","it":[{"ind":0,"ty":"sh","ix":1,"ks":{"a":0,"k":{"i":[[0,0],[0,0],[0,0]],"o":[[0,0],[0,0],[0,0]],"v":[[-15,-8.8],[-15,15],[-15,-15]],"c":true},"ix":2},"nm":"Path 1","mn":"ADBE Vector Shape - Group","hd":false},{"ind":1,"ty":"sh","ix":2,"ks":{"a":0,"k":{"i":[[0,0],[0,0],[0,0],[0,0]],"o":[[0,0],[0,0],[0,0],[0,0]],"v":[[-12.35,-5.199],[5.55,-5.199],[5.55,-12.349],[-12.35,-12.349]],"c":true},"ix":2},"nm":"Path 2","mn":"ADBE Vector Shape - Group","hd":false},{"ind":2,"ty":"sh","ix":3,"ks":{"a":0,"k":{"i":[[-1.434,0],[-1.017,1.017],[0,1.432],[1.016,1.016],[1.433,0],[1.017,-1.017],[0,-1.434],[-1.017,-1.016]],"o":[[1.433,0],[1.016,-1.016],[0,-1.434],[-1.017,-1.017],[-1.434,0],[-1.017,1.016],[0,1.432],[1.017,1.017]],"v":[[0,11.75],[3.675,10.225],[5.2,6.551],[3.675,2.875],[0,1.35],[-3.675,2.875],[-5.2,6.551],[-3.675,10.225]],"c":true},"ix":2},"nm":"Path 3","mn":"ADBE Vector Shape - Group","hd":false},{"ind":3,"ty":"sh","ix":4,"ks":{"a":0,"k":{"i":[[0,0],[0,0],[0,0],[0,0],[0,0]],"o":[[0,0],[0,0],[0,0],[0,0],[0,0]],"v":[[15,-8.8],[8.8,-15],[-15,-15],[-15,15],[15,15]],"c":true},"ix":2},"nm":"Path 4","mn":"ADBE Vector Shape - Group","hd":false},{"ind":4,"ty":"sh","ix":5,"ks":{"a":0,"k":{"i":[[0,0],[0,0],[0.6,-0.6],[0.8,0],[0,0],[0.6,0.6],[0,0.801],[0,0],[-0.6,0.6],[-0.8,0],[0,0]],"o":[[0,0],[0,0.801],[-0.6,0.6],[0,0],[-0.8,0],[-0.6,-0.6],[0,0],[0,-0.8],[0.6,-0.599],[0,0],[0,0]],"v":[[18,-10.15],[18,15],[17.1,17.1],[15,18],[-15,18],[-17.1,17.1],[-18,15],[-18,-15],[-17.1,-17.1],[-15,-18],[10.15,-18]],"c":true},"ix":2},"nm":"Path 5","mn":"ADBE Vector Shape - Group","hd":false},{"ty":"mm","mm":1,"nm":"Merge Paths 1","mn":"ADBE Vector Filter - Merge","hd":false},{"ty":"fl","c":{"a":0,"k":[0.039215686275,0.439215686275,0.886274509804,1],"ix":4},"o":{"a":0,"k":100,"ix":5},"r":1,"bm":0,"nm":"Fill 1","mn":"ADBE Vector Graphic - Fill","hd":false},{"ty":"tr","p":{"a":0,"k":[18.25,18.25],"ix":2},"a":{"a":0,"k":[0,0],"ix":1},"s":{"a":0,"k":[100,100],"ix":3},"r":{"a":0,"k":0,"ix":6},"o":{"a":0,"k":100,"ix":7},"sk":{"a":0,"k":0,"ix":4},"sa":{"a":0,"k":0,"ix":5},"nm":"Transform"}],"nm":"Group 1","np":7,"cix":2,"bm":0,"ix":1,"mn":"ADBE Vector Group","hd":false}],"ip":0,"op":3600,"st":0,"ct":1,"bm":0},{"ddd":0,"ind":12,"ty":4,"nm":"Layer 11 Outlines","parent":3,"sr":1,"ks":{"o":{"a":0,"k":100,"ix":11},"r":{"a":1,"k":[{"i":{"x":[0.667],"y":[1]},"o":{"x":[0.333],"y":[0]},"t":37,"s":[0]},{"t":232,"s":[-156.936]}],"ix":10},"p":{"a":1,"k":[{"i":{"x":0.833,"y":0.833},"o":{"x":0.167,"y":0.167},"t":37,"s":[234.537,1.992,0],"to":[-0.019,0.017,0],"ti":[5.398,-4.918,0]},{"i":{"x":0.833,"y":0.833},"o":{"x":0.167,"y":0.167},"t":141,"s":[223.575,11.979,0],"to":[-0.314,0.286,0],"ti":[0.789,0.21,0]},{"t":147,"s":[58.796,59.434,0]}],"ix":2,"l":2},"a":{"a":0,"k":[25.682,25.681,0],"ix":1,"l":2},"s":{"a":0,"k":[100,100,100],"ix":6,"l":2}},"ao":0,"shapes":[{"ty":"gr","it":[{"ind":0,"ty":"sh","ix":1,"ks":{"a":0,"k":{"i":[[0,0],[0,0]],"o":[[0,0],[0,0]],"v":[[-13.973,-7.218],[-21.943,0.794]],"c":true},"ix":2},"nm":"Path 1","mn":"ADBE Vector Shape - Group","hd":false},{"ind":1,"ty":"sh","ix":2,"ks":{"a":0,"k":{"i":[[0,0],[0,0]],"o":[[0,0],[0,0]],"v":[[0.588,-21.859],[-7.346,-13.883]],"c":true},"ix":2},"nm":"Path 2","mn":"ADBE Vector Shape - Group","hd":false},{"ind":2,"ty":"sh","ix":3,"ks":{"a":0,"k":{"i":[[0,0],[0,0],[0,0],[0,0]],"o":[[0,0],[0,0],[0,0],[0,0]],"v":[[-13.973,-7.218],[-21.943,0.794],[-0.672,21.949],[7.298,13.938]],"c":true},"ix":2},"nm":"Path 3","mn":"ADBE Vector Shape - Group","hd":false},{"ind":3,"ty":"sh","ix":4,"ks":{"a":0,"k":{"i":[[-0.355,-0.352],[0,0],[0.01,-0.577],[0.376,-0.378],[0,0],[0.53,0.034],[0.354,0.353],[0,0],[0.025,0.518],[-0.47,0.472],[0,0],[-0.518,0.072]],"o":[[0,0],[0.355,0.353],[-0.01,0.578],[0,0],[-0.47,0.472],[-0.53,-0.034],[0,0],[-0.378,-0.376],[-0.024,-0.519],[0,0],[0.377,-0.378],[0.519,-0.072]],"v":[[-12.78,-10.262],[10.156,12.551],[10.673,13.946],[10.093,15.38],[0.785,24.739],[-0.715,25.397],[-2.042,24.817],[-24.803,2.18],[-25.408,0.839],[-24.74,-0.648],[-15.432,-10.007],[-14.09,-10.683]],"c":true},"ix":2},"nm":"Path 4","mn":"ADBE Vector Shape - Group","hd":false},{"ind":4,"ty":"sh","ix":5,"ks":{"a":0,"k":{"i":[[0,0],[0,0],[0,0],[0,0]],"o":[[0,0],[0,0],[0,0],[0,0]],"v":[[0.588,-21.859],[-7.346,-13.883],[13.925,7.273],[21.859,-0.703]],"c":true},"ix":2},"nm":"Path 5","mn":"ADBE Vector Shape - Group","hd":false},{"ind":5,"ty":"sh","ix":6,"ks":{"a":0,"k":{"i":[[-0.355,-0.353],[0,0],[-0.002,-0.448],[0.376,-0.378],[0,0],[0.506,-0.06],[0.378,0.375],[0,0],[-0.058,0.507],[-0.4,0.402],[0,0],[-0.448,0.001]],"o":[[0,0],[0.378,0.376],[0.001,0.448],[0,0],[-0.399,0.402],[-0.507,0.06],[0,0],[-0.354,-0.352],[0.058,-0.507],[0,0],[0.376,-0.378],[0.448,-0.001]],"v":[[1.782,-24.903],[24.86,-1.949],[25.43,-0.713],[24.867,0.526],[15.382,10.062],[14.023,10.755],[12.696,10.282],[-10.383,-12.673],[-10.827,-13.962],[-10.142,-15.325],[-0.658,-24.861],[0.578,-25.43]],"c":true},"ix":2},"nm":"Path 6","mn":"ADBE Vector Shape - Group","hd":false},{"ind":6,"ty":"sh","ix":7,"ks":{"a":0,"k":{"i":[[0.496,0.494],[0.683,-0.002],[0.494,-0.496],[-0.002,-0.683],[-0.497,-0.493],[-0.683,0.002],[-0.494,0.496],[0.002,0.684]],"o":[[-0.497,-0.494],[-0.684,0.001],[-0.494,0.496],[0.002,0.684],[0.496,0.494],[0.684,-0.002],[0.494,-0.497],[-0.002,-0.684]],"v":[[-12.402,-1.212],[-14.172,-1.949],[-15.938,-1.202],[-16.676,0.567],[-15.928,2.333],[-14.159,3.071],[-12.393,2.324],[-11.655,0.554]],"c":true},"ix":2},"nm":"Path 7","mn":"ADBE Vector Shape - Group","hd":false},{"ind":7,"ty":"sh","ix":8,"ks":{"a":0,"k":{"i":[[0.497,0.493],[0.684,-0.002],[0.493,-0.496],[-0.002,-0.684],[-0.496,-0.494],[-0.684,0.002],[-0.494,0.496],[0.001,0.684]],"o":[[-0.496,-0.494],[-0.683,0.002],[-0.494,0.496],[0.002,0.683],[0.497,0.493],[0.684,-0.002],[0.493,-0.496],[-0.002,-0.683]],"v":[[2.195,-15.888],[0.425,-16.626],[-1.34,-15.879],[-2.077,-14.109],[-1.331,-12.343],[0.439,-11.606],[2.205,-12.353],[2.943,-14.123]],"c":true},"ix":2},"nm":"Path 8","mn":"ADBE Vector Shape - Group","hd":false},{"ty":"mm","mm":1,"nm":"Merge Paths 1","mn":"ADBE Vector Filter - Merge","hd":false},{"ty":"fl","c":{"a":0,"k":[0.039215686275,0.439215686275,0.886274509804,1],"ix":4},"o":{"a":0,"k":100,"ix":5},"r":1,"bm":0,"nm":"Fill 1","mn":"ADBE Vector Graphic - Fill","hd":false},{"ty":"tr","p":{"a":0,"k":[25.681,25.681],"ix":2},"a":{"a":0,"k":[0,0],"ix":1},"s":{"a":0,"k":[100,100],"ix":3},"r":{"a":0,"k":0,"ix":6},"o":{"a":0,"k":100,"ix":7},"sk":{"a":0,"k":0,"ix":4},"sa":{"a":0,"k":0,"ix":5},"nm":"Transform"}],"nm":"Group 1","np":10,"cix":2,"bm":0,"ix":1,"mn":"ADBE Vector Group","hd":false}],"ip":0,"op":3600,"st":0,"ct":1,"bm":0},{"ddd":0,"ind":13,"ty":4,"nm":"Layer 12 Outlines","parent":3,"sr":1,"ks":{"o":{"a":0,"k":100,"ix":11},"r":{"a":1,"k":[{"i":{"x":[0.667],"y":[1]},"o":{"x":[0.333],"y":[0]},"t":37,"s":[0]},{"t":232,"s":[-104.711]}],"ix":10},"p":{"a":1,"k":[{"i":{"x":0.667,"y":1},"o":{"x":0.333,"y":0},"t":37,"s":[-97.013,140.101,0],"to":[-0.819,2.048,0],"ti":[20.346,3.823,0]},{"t":232,"s":[-101.928,152.39,0]}],"ix":2,"l":2},"a":{"a":0,"k":[26.197,23.412,0],"ix":1,"l":2},"s":{"a":0,"k":[100,100,100],"ix":6,"l":2}},"ao":0,"shapes":[{"ty":"gr","it":[{"ind":0,"ty":"sh","ix":1,"ks":{"a":0,"k":{"i":[[0,0],[0,0],[0,0],[0,0],[0,0],[0,0]],"o":[[0,0],[0,0],[0,0],[0,0],[0,0],[0,0]],"v":[[15.952,-13.593],[14.342,-19.477],[8.458,-17.866],[7.666,-20.76],[16.444,-23.162],[18.846,-14.385]],"c":true},"ix":2},"nm":"Path 1","mn":"ADBE Vector Shape - Group","hd":false},{"ind":1,"ty":"sh","ix":2,"ks":{"a":0,"k":{"i":[[0,0],[0,0],[0,0],[0,0],[0,0],[0,0]],"o":[[0,0],[0,0],[0,0],[0,0],[0,0],[0,0]],"v":[[-23.546,-2.783],[-25.947,-11.561],[-17.171,-13.963],[-16.379,-11.07],[-22.262,-9.459],[-20.652,-3.575]],"c":true},"ix":2},"nm":"Path 2","mn":"ADBE Vector Shape - Group","hd":false},{"ind":2,"ty":"sh","ix":3,"ks":{"a":0,"k":{"i":[[0,0],[0,0],[0,0],[0,0]],"o":[[0,0],[0,0],[0,0],[0,0]],"v":[[17.151,8.214],[10.565,-15.851],[12.398,-16.353],[18.984,7.713]],"c":true},"ix":2},"nm":"Path 3","mn":"ADBE Vector Shape - Group","hd":false},{"ind":3,"ty":"sh","ix":4,"ks":{"a":0,"k":{"i":[[0,0],[0,0],[0,0],[0,0]],"o":[[0,0],[0,0],[0,0],[0,0]],"v":[[13.148,9.309],[6.562,-14.756],[8.588,-15.31],[15.174,8.755]],"c":true},"ix":2},"nm":"Path 4","mn":"ADBE Vector Shape - Group","hd":false},{"ind":4,"ty":"sh","ix":5,"ks":{"a":0,"k":{"i":[[0,0],[0,0],[0,0],[0,0]],"o":[[0,0],[0,0],[0,0],[0,0]],"v":[[5.287,11.461],[-1.299,-12.605],[4.536,-14.201],[11.122,9.864]],"c":true},"ix":2},"nm":"Path 5","mn":"ADBE Vector Shape - Group","hd":false},{"ind":5,"ty":"sh","ix":6,"ks":{"a":0,"k":{"i":[[0,0],[0,0],[0,0],[0,0]],"o":[[0,0],[0,0],[0,0],[0,0]],"v":[[-0.741,13.11],[-7.327,-10.954],[-3.324,-12.05],[3.262,12.015]],"c":true},"ix":2},"nm":"Path 6","mn":"ADBE Vector Shape - Group","hd":false},{"ind":6,"ty":"sh","ix":7,"ks":{"a":0,"k":{"i":[[0,0],[0,0],[0,0],[0,0]],"o":[[0,0],[0,0],[0,0],[0,0]],"v":[[-6.625,14.72],[-13.211,-9.344],[-11.185,-9.899],[-4.599,14.167]],"c":true},"ix":2},"nm":"Path 7","mn":"ADBE Vector Shape - Group","hd":false},{"ind":7,"ty":"sh","ix":8,"ks":{"a":0,"k":{"i":[[0,0],[0,0],[0,0],[0,0]],"o":[[0,0],[0,0],[0,0],[0,0]],"v":[[-12.46,16.317],[-19.046,-7.747],[-15.188,-8.803],[-8.602,15.261]],"c":true},"ix":2},"nm":"Path 8","mn":"ADBE Vector Shape - Group","hd":false},{"ind":8,"ty":"sh","ix":9,"ks":{"a":0,"k":{"i":[[0,0],[0,0],[0,0],[0,0],[0,0],[0,0]],"o":[[0,0],[0,0],[0,0],[0,0],[0,0],[0,0]],"v":[[17.169,13.963],[16.377,11.069],[22.261,9.459],[20.651,3.576],[23.544,2.784],[25.947,11.561]],"c":true},"ix":2},"nm":"Path 9","mn":"ADBE Vector Shape - Group","hd":false},{"ind":9,"ty":"sh","ix":10,"ks":{"a":0,"k":{"i":[[0,0],[0,0],[0,0],[0,0],[0,0],[0,0]],"o":[[0,0],[0,0],[0,0],[0,0],[0,0],[0,0]],"v":[[-16.445,23.162],[-18.847,14.385],[-15.953,13.594],[-14.343,19.476],[-8.46,17.867],[-7.668,20.761]],"c":true},"ix":2},"nm":"Path 10","mn":"ADBE Vector Shape - Group","hd":false},{"ty":"mm","mm":1,"nm":"Merge Paths 1","mn":"ADBE Vector Filter - Merge","hd":false},{"ty":"fl","c":{"a":0,"k":[0.039215686275,0.439215686275,0.886274509804,1],"ix":4},"o":{"a":0,"k":100,"ix":5},"r":1,"bm":0,"nm":"Fill 1","mn":"ADBE Vector Graphic - Fill","hd":false},{"ty":"tr","p":{"a":0,"k":[26.197,23.412],"ix":2},"a":{"a":0,"k":[0,0],"ix":1},"s":{"a":0,"k":[100,100],"ix":3},"r":{"a":0,"k":0,"ix":6},"o":{"a":0,"k":100,"ix":7},"sk":{"a":0,"k":0,"ix":4},"sa":{"a":0,"k":0,"ix":5},"nm":"Transform"}],"nm":"Group 1","np":12,"cix":2,"bm":0,"ix":1,"mn":"ADBE Vector Group","hd":false}],"ip":0,"op":3600,"st":0,"ct":1,"bm":0},{"ddd":0,"ind":14,"ty":4,"nm":"Layer 13 Outlines","parent":3,"sr":1,"ks":{"o":{"a":0,"k":100,"ix":11},"r":{"a":1,"k":[{"i":{"x":[0.667],"y":[1]},"o":{"x":[0.333],"y":[0]},"t":37,"s":[0]},{"t":232,"s":[66.166]}],"ix":10},"p":{"a":0,"k":[129.301,-85.88,0],"ix":2,"l":2},"a":{"a":0,"k":[19.951,13.529,0],"ix":1,"l":2},"s":{"a":0,"k":[100,100,100],"ix":6,"l":2}},"ao":0,"shapes":[{"ty":"gr","it":[{"ind":0,"ty":"sh","ix":1,"ks":{"a":0,"k":{"i":[[0,0],[0,0],[0,0],[0,0],[0,0],[0,0]],"o":[[0,0],[0,0],[0,0],[0,0],[0,0],[0,0]],"v":[[5.7,13.279],[3.951,10.791],[15.465,2.702],[7.458,-8.696],[9.945,-10.444],[19.701,3.442]],"c":true},"ix":2},"nm":"Path 1","mn":"ADBE Vector Shape - Group","hd":false},{"ind":1,"ty":"sh","ix":2,"ks":{"a":0,"k":{"i":[[0,0],[0,0],[0,0],[0,0],[0,0],[0,0]],"o":[[0,0],[0,0],[0,0],[0,0],[0,0],[0,0]],"v":[[-9.947,10.445],[-19.701,-3.442],[-5.701,-13.279],[-3.952,-10.791],[-15.467,-2.701],[-7.459,8.696]],"c":true},"ix":2},"nm":"Path 2","mn":"ADBE Vector Shape - Group","hd":false},{"ty":"mm","mm":1,"nm":"Merge Paths 1","mn":"ADBE Vector Filter - Merge","hd":false},{"ty":"fl","c":{"a":0,"k":[0.039215686275,0.439215686275,0.886274509804,1],"ix":4},"o":{"a":0,"k":100,"ix":5},"r":1,"bm":0,"nm":"Fill 1","mn":"ADBE Vector Graphic - Fill","hd":false},{"ty":"tr","p":{"a":0,"k":[19.951,13.529],"ix":2},"a":{"a":0,"k":[0,0],"ix":1},"s":{"a":0,"k":[100,100],"ix":3},"r":{"a":0,"k":0,"ix":6},"o":{"a":0,"k":100,"ix":7},"sk":{"a":0,"k":0,"ix":4},"sa":{"a":0,"k":0,"ix":5},"nm":"Transform"}],"nm":"Group 1","np":4,"cix":2,"bm":0,"ix":1,"mn":"ADBE Vector Group","hd":false}],"ip":0,"op":3600,"st":0,"ct":1,"bm":0},{"ddd":0,"ind":15,"ty":4,"nm":"Layer 14 Outlines","parent":3,"sr":1,"ks":{"o":{"a":0,"k":100,"ix":11},"r":{"a":1,"k":[{"i":{"x":[0.667],"y":[1]},"o":{"x":[0.333],"y":[0]},"t":37,"s":[0]},{"t":232,"s":[-108.732]}],"ix":10},"p":{"a":0,"k":[21.894,-102.683,0],"ix":2,"l":2},"a":{"a":0,"k":[20.25,18.25,0],"ix":1,"l":2},"s":{"a":0,"k":[100,100,100],"ix":6,"l":2}},"ao":0,"shapes":[{"ty":"gr","it":[{"ind":0,"ty":"sh","ix":1,"ks":{"a":0,"k":{"i":[[0,0],[0,0]],"o":[[0,0],[0,0]],"v":[[-17,9],[-17,-15]],"c":true},"ix":2},"nm":"Path 1","mn":"ADBE Vector Shape - Group","hd":false},{"ind":1,"ty":"sh","ix":2,"ks":{"a":0,"k":{"i":[[0,0],[0,0],[0,0],[0,0]],"o":[[0,0],[0,0],[0,0],[0,0]],"v":[[-17,9],[17,9],[17,-15],[-17,-15]],"c":true},"ix":2},"nm":"Path 2","mn":"ADBE Vector Shape - Group","hd":false},{"ind":2,"ty":"sh","ix":3,"ks":{"a":0,"k":{"i":[[0,0],[0,0],[0,0],[0,0],[0.6,0.6],[0,0.8],[0,0],[-0.6,0.6],[-0.8,0],[0,0],[-0.6,-0.6],[0,-0.8],[0,0],[0.6,-0.6],[0.8,0],[0,0],[0,0],[0,0]],"o":[[0,0],[0,0],[0,0],[-0.8,0],[-0.6,-0.6],[0,0],[0,-0.8],[0.6,-0.6],[0,0],[0.8,0],[0.6,0.6],[0,0],[0,0.8],[-0.6,0.6],[0,0],[0,0],[0,0],[0,0]],"v":[[-10.35,18],[-10.35,14.35],[-8,12],[-17,12],[-19.1,11.1],[-20,9],[-20,-15],[-19.1,-17.1],[-17,-18],[17,-18],[19.1,-17.1],[20,-15],[20,9],[19.1,11.1],[17,12],[8,12],[10.4,14.35],[10.4,18]],"c":true},"ix":2},"nm":"Path 3","mn":"ADBE Vector Shape - Group","hd":false},{"ty":"mm","mm":1,"nm":"Merge Paths 1","mn":"ADBE Vector Filter - Merge","hd":false},{"ty":"fl","c":{"a":0,"k":[0.039215686275,0.439215686275,0.886274509804,1],"ix":4},"o":{"a":0,"k":100,"ix":5},"r":1,"bm":0,"nm":"Fill 1","mn":"ADBE Vector Graphic - Fill","hd":false},{"ty":"tr","p":{"a":0,"k":[20.25,18.25],"ix":2},"a":{"a":0,"k":[0,0],"ix":1},"s":{"a":0,"k":[100,100],"ix":3},"r":{"a":0,"k":0,"ix":6},"o":{"a":0,"k":100,"ix":7},"sk":{"a":0,"k":0,"ix":4},"sa":{"a":0,"k":0,"ix":5},"nm":"Transform"}],"nm":"Group 1","np":5,"cix":2,"bm":0,"ix":1,"mn":"ADBE Vector Group","hd":false}],"ip":0,"op":3600,"st":0,"ct":1,"bm":0},{"ddd":0,"ind":16,"ty":4,"nm":"Layer 15 Outlines","parent":3,"sr":1,"ks":{"o":{"a":0,"k":100,"ix":11},"r":{"a":1,"k":[{"i":{"x":[0.667],"y":[1]},"o":{"x":[0.333],"y":[0]},"t":37,"s":[0]},{"t":1018,"s":[176.196]}],"ix":10},"p":{"a":1,"k":[{"i":{"x":0.833,"y":0.833},"o":{"x":0.167,"y":0.167},"t":139,"s":[-75.289,-70.119,0],"to":[14.65,16.781,0],"ti":[-14.65,-16.781,0]},{"t":144,"s":[12.609,30.566,0]}],"ix":2,"l":2},"a":{"a":0,"k":[26.071,26.071,0],"ix":1,"l":2},"s":{"a":0,"k":[100,100,100],"ix":6,"l":2}},"ao":0,"shapes":[{"ty":"gr","it":[{"ind":0,"ty":"sh","ix":1,"ks":{"a":0,"k":{"i":[[0,0],[0,0],[0,0],[0,0]],"o":[[0,0],[0,0],[0,0],[0,0]],"v":[[9.651,-8.504],[6.939,-15.603],[-0.162,-12.891],[2.551,-5.792]],"c":true},"ix":2},"nm":"Path 1","mn":"ADBE Vector Shape - Group","hd":false},{"ind":1,"ty":"sh","ix":2,"ks":{"a":0,"k":{"i":[[0,0],[0,0],[0,0],[0,0]],"o":[[0,0],[0,0],[0,0],[0,0]],"v":[[-5.81,-2.598],[-8.522,-9.697],[-15.622,-6.984],[-12.91,0.115]],"c":true},"ix":2},"nm":"Path 2","mn":"ADBE Vector Shape - Group","hd":false},{"ind":2,"ty":"sh","ix":3,"ks":{"a":0,"k":{"i":[[0,0],[0,0],[0,0],[0,0]],"o":[[0,0],[0,0],[0,0],[0,0]],"v":[[0.115,12.91],[-2.599,5.81],[-9.698,8.522],[-6.986,15.621]],"c":true},"ix":2},"nm":"Path 3","mn":"ADBE Vector Shape - Group","hd":false},{"ind":3,"ty":"sh","ix":4,"ks":{"a":0,"k":{"i":[[0,0],[0,0],[0,0],[0,0]],"o":[[0,0],[0,0],[0,0],[0,0]],"v":[[-7.079,-12.924],[-2.582,-1.154],[-14.353,3.342],[-18.85,-8.428]],"c":true},"ix":2},"nm":"Path 4","mn":"ADBE Vector Shape - Group","hd":false},{"ind":4,"ty":"sh","ix":5,"ks":{"a":0,"k":{"i":[[0,0],[0,0],[0,0],[0,0]],"o":[[0,0],[0,0],[0,0],[0,0]],"v":[[-1.155,2.583],[3.342,14.353],[-8.429,18.85],[-12.926,7.078]],"c":true},"ix":2},"nm":"Path 5","mn":"ADBE Vector Shape - Group","hd":false},{"ind":5,"ty":"sh","ix":6,"ks":{"a":0,"k":{"i":[[0,0],[0,0],[0,0],[0,0]],"o":[[0,0],[0,0],[0,0],[0,0]],"v":[[8.382,-18.831],[12.879,-7.06],[1.109,-2.564],[-3.389,-14.335]],"c":true},"ix":2},"nm":"Path 6","mn":"ADBE Vector Shape - Group","hd":false},{"ind":6,"ty":"sh","ix":7,"ks":{"a":0,"k":{"i":[[0,0],[0,0],[0,0],[0,0]],"o":[[0,0],[0,0],[0,0],[0,0]],"v":[[2.536,1.173],[5.479,0.048],[6.603,2.992],[3.66,4.116]],"c":true},"ix":2},"nm":"Path 7","mn":"ADBE Vector Shape - Group","hd":false},{"ind":7,"ty":"sh","ix":8,"ks":{"a":0,"k":{"i":[[0,0],[0,0],[0,0],[0,0]],"o":[[0,0],[0,0],[0,0],[0,0]],"v":[[6.603,2.992],[9.545,1.867],[10.669,4.81],[7.727,5.934]],"c":true},"ix":2},"nm":"Path 8","mn":"ADBE Vector Shape - Group","hd":false},{"ind":8,"ty":"sh","ix":9,"ks":{"a":0,"k":{"i":[[0,0],[0,0],[0,0],[0,0]],"o":[[0,0],[0,0],[0,0],[0,0]],"v":[[8.421,-1.076],[11.363,-2.199],[12.488,0.743],[9.545,1.867]],"c":true},"ix":2},"nm":"Path 9","mn":"ADBE Vector Shape - Group","hd":false},{"ind":9,"ty":"sh","ix":10,"ks":{"a":0,"k":{"i":[[0,0],[0,0],[0,0],[0,0]],"o":[[0,0],[0,0],[0,0],[0,0]],"v":[[4.784,7.059],[7.727,5.934],[8.851,8.876],[5.908,10.001]],"c":true},"ix":2},"nm":"Path 10","mn":"ADBE Vector Shape - Group","hd":false},{"ind":10,"ty":"sh","ix":11,"ks":{"a":0,"k":{"i":[[0,0],[0,0],[0,0],[0,0]],"o":[[0,0],[0,0],[0,0],[0,0]],"v":[[8.851,8.876],[11.794,7.753],[12.918,10.695],[9.975,11.819]],"c":true},"ix":2},"nm":"Path 11","mn":"ADBE Vector Shape - Group","hd":false},{"ind":11,"ty":"sh","ix":12,"ks":{"a":0,"k":{"i":[[0,0],[0,0],[0,0],[0,0]],"o":[[0,0],[0,0],[0,0],[0,0]],"v":[[10.669,4.81],[13.612,3.686],[14.736,6.628],[11.794,7.753]],"c":true},"ix":2},"nm":"Path 12","mn":"ADBE Vector Shape - Group","hd":false},{"ind":12,"ty":"sh","ix":13,"ks":{"a":0,"k":{"i":[[0,0],[0,0],[0,0],[0,0]],"o":[[0,0],[0,0],[0,0],[0,0]],"v":[[12.488,0.743],[15.43,-0.382],[16.554,2.561],[13.612,3.686]],"c":true},"ix":2},"nm":"Path 13","mn":"ADBE Vector Shape - Group","hd":false},{"ind":13,"ty":"sh","ix":14,"ks":{"a":0,"k":{"i":[[0,0],[0,0],[0,0],[0,0]],"o":[[0,0],[0,0],[0,0],[0,0]],"v":[[14.736,6.628],[17.678,5.504],[18.803,8.447],[15.86,9.57]],"c":true},"ix":2},"nm":"Path 14","mn":"ADBE Vector Shape - Group","hd":false},{"ind":14,"ty":"sh","ix":15,"ks":{"a":0,"k":{"i":[[0,0],[0,0],[0,0],[0,0],[0,0],[0,0]],"o":[[0,0],[0,0],[0,0],[0,0],[0,0],[0,0]],"v":[[11.831,-16.669],[9.814,-21.948],[4.536,-19.93],[3.465,-22.733],[11.547,-25.82],[14.633,-17.74]],"c":true},"ix":2},"nm":"Path 15","mn":"ADBE Vector Shape - Group","hd":false},{"ind":15,"ty":"sh","ix":16,"ks":{"a":0,"k":{"i":[[0,0],[0,0],[0,0],[0,0],[0,0],[0,0]],"o":[[0,0],[0,0],[0,0],[0,0],[0,0],[0,0]],"v":[[17.74,14.633],[16.67,11.831],[21.948,9.815],[19.932,4.536],[22.734,3.466],[25.821,11.547]],"c":true},"ix":2},"nm":"Path 16","mn":"ADBE Vector Shape - Group","hd":false},{"ind":16,"ty":"sh","ix":17,"ks":{"a":0,"k":{"i":[[0,0],[0,0],[0,0],[0,0],[0,0],[0,0]],"o":[[0,0],[0,0],[0,0],[0,0],[0,0],[0,0]],"v":[[-11.546,25.82],[-14.633,17.741],[-11.831,16.669],[-9.814,21.948],[-4.537,19.932],[-3.466,22.733]],"c":true},"ix":2},"nm":"Path 17","mn":"ADBE Vector Shape - Group","hd":false},{"ind":17,"ty":"sh","ix":18,"ks":{"a":0,"k":{"i":[[0,0],[0,0],[0,0],[0,0],[0,0],[0,0]],"o":[[0,0],[0,0],[0,0],[0,0],[0,0],[0,0]],"v":[[-22.734,-3.465],[-25.821,-11.546],[-17.741,-14.633],[-16.67,-11.831],[-21.948,-9.814],[-19.932,-4.535]],"c":true},"ix":2},"nm":"Path 18","mn":"ADBE Vector Shape - Group","hd":false},{"ty":"mm","mm":1,"nm":"Merge Paths 1","mn":"ADBE Vector Filter - Merge","hd":false},{"ty":"fl","c":{"a":0,"k":[0.039215686275,0.439215686275,0.886274509804,1],"ix":4},"o":{"a":0,"k":100,"ix":5},"r":1,"bm":0,"nm":"Fill 1","mn":"ADBE Vector Graphic - Fill","hd":false},{"ty":"tr","p":{"a":0,"k":[26.071,26.071],"ix":2},"a":{"a":0,"k":[0,0],"ix":1},"s":{"a":0,"k":[100,100],"ix":3},"r":{"a":0,"k":0,"ix":6},"o":{"a":0,"k":100,"ix":7},"sk":{"a":0,"k":0,"ix":4},"sa":{"a":0,"k":0,"ix":5},"nm":"Transform"}],"nm":"Group 1","np":20,"cix":2,"bm":0,"ix":1,"mn":"ADBE Vector Group","hd":false}],"ip":0,"op":3600,"st":0,"ct":1,"bm":0},{"ddd":0,"ind":17,"ty":4,"nm":"Layer 16 Outlines","parent":3,"sr":1,"ks":{"o":{"a":0,"k":100,"ix":11},"r":{"a":1,"k":[{"i":{"x":[0.667],"y":[1]},"o":{"x":[0.333],"y":[0]},"t":37,"s":[0]},{"t":232,"s":[-80.133]}],"ix":10},"p":{"a":1,"k":[{"i":{"x":0.833,"y":0.833},"o":{"x":0.167,"y":0.167},"t":146,"s":[-119.466,43.531,0],"to":[21.466,1.781,0],"ti":[-21.466,-1.781,0]},{"t":151,"s":[9.329,54.219,0]}],"ix":2,"l":2},"a":{"a":0,"k":[23.281,22.775,0],"ix":1,"l":2},"s":{"a":0,"k":[100,100,100],"ix":6,"l":2}},"ao":0,"shapes":[{"ty":"gr","it":[{"ind":0,"ty":"sh","ix":1,"ks":{"a":0,"k":{"i":[[0,0],[0,0]],"o":[[0,0],[0,0]],"v":[[-2.615,19.515],[-20.021,0.201]],"c":true},"ix":2},"nm":"Path 1","mn":"ADBE Vector Shape - Group","hd":false},{"ind":1,"ty":"sh","ix":2,"ks":{"a":0,"k":{"i":[[0,0],[0,0],[0,0],[0,0]],"o":[[0,0],[0,0],[0,0],[0,0]],"v":[[-2.615,19.515],[16.7,2.11],[-0.707,-17.205],[-20.021,0.201]],"c":true},"ix":2},"nm":"Path 2","mn":"ADBE Vector Shape - Group","hd":false},{"ind":2,"ty":"sh","ix":3,"ks":{"a":0,"k":{"i":[[0,0],[0.847,0.044],[0.536,0.595],[0,0],[-0.044,0.847],[-0.594,0.536],[0,0],[-0.848,-0.044],[-0.535,-0.595],[0,0],[0,0],[0,0],[0,0],[0,0],[0.044,-0.848],[0.595,-0.535]],"o":[[-0.594,0.535],[-0.847,-0.044],[0,0],[-0.536,-0.594],[0.044,-0.848],[0,0],[0.594,-0.536],[0.847,0.044],[0,0],[0,0],[0,0],[0,0],[0,0],[0.536,0.594],[-0.044,0.847],[0,0]],"v":[[-0.607,21.744],[-2.769,22.481],[-4.844,21.524],[-22.249,2.209],[-22.986,0.048],[-22.029,-2.028],[-2.715,-19.433],[-0.552,-20.17],[1.523,-19.213],[8.718,-11.227],[9.307,-22.525],[23.031,-7.296],[11.732,-7.885],[18.928,0.102],[19.666,2.265],[18.708,4.339]],"c":true},"ix":2},"nm":"Path 3","mn":"ADBE Vector Shape - Group","hd":false},{"ty":"mm","mm":1,"nm":"Merge Paths 1","mn":"ADBE Vector Filter - Merge","hd":false},{"ty":"fl","c":{"a":0,"k":[0.039215686275,0.439215686275,0.886274509804,1],"ix":4},"o":{"a":0,"k":100,"ix":5},"r":1,"bm":0,"nm":"Fill 1","mn":"ADBE Vector Graphic - Fill","hd":false},{"ty":"tr","p":{"a":0,"k":[23.28,22.776],"ix":2},"a":{"a":0,"k":[0,0],"ix":1},"s":{"a":0,"k":[100,100],"ix":3},"r":{"a":0,"k":0,"ix":6},"o":{"a":0,"k":100,"ix":7},"sk":{"a":0,"k":0,"ix":4},"sa":{"a":0,"k":0,"ix":5},"nm":"Transform"}],"nm":"Group 1","np":5,"cix":2,"bm":0,"ix":1,"mn":"ADBE Vector Group","hd":false}],"ip":0,"op":3600,"st":0,"ct":1,"bm":0},{"ddd":0,"ind":18,"ty":1,"nm":"background","sr":1,"ks":{"o":{"a":0,"k":100,"ix":11},"r":{"a":0,"k":0,"ix":10},"p":{"a":0,"k":[960,540,0],"ix":2,"l":2},"a":{"a":0,"k":[960,540,0],"ix":1,"l":2},"s":{"a":0,"k":[100,100,100],"ix":6,"l":2}},"ao":0,"sw":1920,"sh":1080,"sc":"#ffffff","ip":0,"op":2100,"st":0,"bm":0}],"markers":[]}