{"v":"4.8.0","meta":{"g":"LottieFiles AE 1.0.0","a":"","k":"","d":"","tc":""},"fr":30,"ip":0,"op":91,"w":540,"h":540,"nm":"mision","ddd":0,"assets":[],"layers":[{"ddd":0,"ind":1,"ty":4,"nm":"Linea3 Outlines","sr":1,"ks":{"o":{"a":0,"k":100,"ix":11},"r":{"a":0,"k":0,"ix":10},"p":{"a":0,"k":[400.332,307.541,0],"ix":2},"a":{"a":0,"k":[1.66,3.208,0],"ix":1},"s":{"a":1,"k":[{"i":{"x":[0.667,0.667,0.667],"y":[1,1,1]},"o":{"x":[0.323,0.323,0.333],"y":[1.59,1.59,0]},"t":29.538,"s":[0,0,100]},{"t":37.845703125,"s":[100,100,100]}],"ix":6}},"ao":0,"shapes":[{"ty":"gr","it":[{"ind":0,"ty":"sh","ix":1,"ks":{"a":0,"k":{"i":[[-0.81,0.192],[-0.485,0.919],[1.688,0.984],[0,0],[0.913,-1.731],[-1.688,-0.983],[0,0]],"o":[[0.916,-0.217],[0.914,-1.735],[0,0],[-1.691,-0.982],[-0.914,1.735],[0,0],[0.794,0.462]],"v":[[25.774,18.266],[27.996,16.526],[26.597,11.604],[-23.285,-17.476],[-27.996,-16.117],[-26.597,-11.195],[23.284,17.885]],"c":true},"ix":2},"nm":"Path 1","mn":"ADBE Vector Shape - Group","hd":false},{"ty":"fl","c":{"a":0,"k":[0.996078431372549,0.807843137254902,0.15294117647058825,1],"ix":4},"o":{"a":0,"k":100,"ix":5},"r":1,"bm":0,"nm":"Fill 1","mn":"ADBE Vector Graphic - Fill","hd":false},{"ty":"tr","p":{"a":0,"k":[29.16,18.708],"ix":2},"a":{"a":0,"k":[0,0],"ix":1},"s":{"a":0,"k":[100,100],"ix":3},"r":{"a":0,"k":0,"ix":6},"o":{"a":0,"k":100,"ix":7},"sk":{"a":0,"k":0,"ix":4},"sa":{"a":0,"k":0,"ix":5},"nm":"Transform"}],"nm":"Group 1","np":2,"cix":2,"bm":0,"ix":1,"mn":"ADBE Vector Group","hd":false}],"ip":0,"op":600,"st":0,"bm":0},{"ddd":0,"ind":2,"ty":4,"nm":"Linea2 Outlines","sr":1,"ks":{"o":{"a":0,"k":100,"ix":11},"r":{"a":0,"k":0,"ix":10},"p":{"a":0,"k":[401.05,276.549,0],"ix":2},"a":{"a":0,"k":[0.643,19.112,0],"ix":1},"s":{"a":1,"k":[{"i":{"x":[0.667,0.667,0.667],"y":[1,1,1]},"o":{"x":[0.323,0.323,0.333],"y":[1.413,1.413,0]},"t":25.846,"s":[0,0,100]},{"t":33.23046875,"s":[100,100,100]}],"ix":6}},"ao":0,"shapes":[{"ty":"gr","it":[{"ind":0,"ty":"sh","ix":1,"ks":{"a":0,"k":{"i":[[-0.546,0.795],[0.299,1.166],[2.213,-0.468],[0,0],[-0.562,-2.196],[-2.213,0.468],[0,0]],"o":[[0.617,-0.898],[-0.564,-2.2],[0,0],[-2.215,0.471],[0.564,2.2],[0,0],[1.04,-0.22]],"v":[[36.29,-4.537],[36.843,-7.756],[31.816,-10.894],[-33.594,2.929],[-36.581,7.757],[-31.555,10.894],[33.856,-2.929]],"c":true},"ix":2},"nm":"Path 1","mn":"ADBE Vector Shape - Group","hd":false},{"ty":"fl","c":{"a":0,"k":[0.996078431372549,0.807843137254902,0.15294117647058825,1],"ix":4},"o":{"a":0,"k":100,"ix":5},"r":1,"bm":0,"nm":"Fill 1","mn":"ADBE Vector Graphic - Fill","hd":false},{"ty":"tr","p":{"a":0,"k":[37.392,11.612],"ix":2},"a":{"a":0,"k":[0,0],"ix":1},"s":{"a":0,"k":[100,100],"ix":3},"r":{"a":0,"k":0,"ix":6},"o":{"a":0,"k":100,"ix":7},"sk":{"a":0,"k":0,"ix":4},"sa":{"a":0,"k":0,"ix":5},"nm":"Transform"}],"nm":"Group 1","np":2,"cix":2,"bm":0,"ix":1,"mn":"ADBE Vector Group","hd":false}],"ip":0,"op":600,"st":0,"bm":0},{"ddd":0,"ind":3,"ty":4,"nm":"Linea1 Outlines","sr":1,"ks":{"o":{"a":0,"k":100,"ix":11},"r":{"a":0,"k":0,"ix":10},"p":{"a":0,"k":[394.957,248.565,0],"ix":2},"a":{"a":0,"k":[1.64,43.575,0],"ix":1},"s":{"a":1,"k":[{"i":{"x":[0.667,0.667,0.667],"y":[1,1,1]},"o":{"x":[0.323,0.323,0.333],"y":[1.413,1.413,0]},"t":22.154,"s":[0,0,100]},{"t":29.5380859375,"s":[100,100,100]}],"ix":6}},"ao":0,"shapes":[{"ty":"gr","it":[{"ind":0,"ty":"sh","ix":1,"ks":{"a":0,"k":{"i":[[0.804,0],[0.66,0.737],[-1.365,1.268],[0,0],[-1.243,-1.387],[1.366,-1.267],[0,0]],"o":[[-0.908,0],[-1.244,-1.39],[0,0],[1.369,-1.267],[1.244,1.39],[0,0],[-0.642,0.596]],"v":[[-20.172,22.325],[-22.646,21.214],[-22.428,16.403],[17.919,-21.058],[22.646,-20.837],[22.427,-16.026],[-17.921,21.435]],"c":true},"ix":2},"nm":"Path 1","mn":"ADBE Vector Shape - Group","hd":false},{"ty":"fl","c":{"a":0,"k":[0.996078431372549,0.807843137254902,0.15294117647058825,1],"ix":4},"o":{"a":0,"k":100,"ix":5},"r":1,"bm":0,"nm":"Fill 1","mn":"ADBE Vector Graphic - Fill","hd":false},{"ty":"tr","p":{"a":0,"k":[24.139,22.575],"ix":2},"a":{"a":0,"k":[0,0],"ix":1},"s":{"a":0,"k":[100,100],"ix":3},"r":{"a":0,"k":0,"ix":6},"o":{"a":0,"k":100,"ix":7},"sk":{"a":0,"k":0,"ix":4},"sa":{"a":0,"k":0,"ix":5},"nm":"Transform"}],"nm":"Group 1","np":2,"cix":2,"bm":0,"ix":1,"mn":"ADBE Vector Group","hd":false}],"ip":0,"op":600,"st":0,"bm":0},{"ddd":0,"ind":4,"ty":4,"nm":"Circulo3 Outlines","sr":1,"ks":{"o":{"a":0,"k":100,"ix":11},"r":{"a":0,"k":0,"ix":10},"p":{"a":0,"k":[159.717,374.665,0],"ix":2},"a":{"a":0,"k":[8.378,8.378,0],"ix":1},"s":{"a":1,"k":[{"i":{"x":[0.667,0.667,0.667],"y":[1,1,1]},"o":{"x":[0.799,0.799,0.333],"y":[2.609,2.609,0]},"t":18.462,"s":[0,0,100]},{"t":25.845703125,"s":[100,100,100]}],"ix":6}},"ao":0,"shapes":[{"ty":"gr","it":[{"ind":0,"ty":"sh","ix":1,"ks":{"a":0,"k":{"i":[[0,-4.489],[4.489,0],[0,4.489],[-4.489,0]],"o":[[0,4.489],[-4.489,0],[0,-4.489],[4.489,0]],"v":[[8.128,0],[0,8.128],[-8.128,0],[0,-8.128]],"c":true},"ix":2},"nm":"Path 1","mn":"ADBE Vector Shape - Group","hd":false},{"ty":"fl","c":{"a":0,"k":[0.254901960784,0.309803921569,0.850980451995,1],"ix":4},"o":{"a":0,"k":100,"ix":5},"r":1,"bm":0,"nm":"Fill 1","mn":"ADBE Vector Graphic - Fill","hd":false},{"ty":"tr","p":{"a":0,"k":[8.378,8.378],"ix":2},"a":{"a":0,"k":[0,0],"ix":1},"s":{"a":0,"k":[100,100],"ix":3},"r":{"a":0,"k":0,"ix":6},"o":{"a":0,"k":100,"ix":7},"sk":{"a":0,"k":0,"ix":4},"sa":{"a":0,"k":0,"ix":5},"nm":"Transform"}],"nm":"Group 1","np":2,"cix":2,"bm":0,"ix":1,"mn":"ADBE Vector Group","hd":false}],"ip":600,"op":600,"st":140,"bm":0,"hidden":0},{"ddd":0,"ind":5,"ty":4,"nm":"Circulo2 Outlines","sr":1,"ks":{"o":{"a":0,"k":100,"ix":11},"r":{"a":0,"k":0,"ix":10},"p":{"a":0,"k":[465.109,303.973,0],"ix":2},"a":{"a":0,"k":[8.378,8.378,0],"ix":1},"s":{"a":1,"k":[{"i":{"x":[0.667,0.667,0.667],"y":[1,1,1]},"o":{"x":[0.799,0.799,0.333],"y":[2.609,2.609,0]},"t":14.77,"s":[0,0,100]},{"t":22.154296875,"s":[100,100,100]}],"ix":6}},"ao":0,"shapes":[{"ty":"gr","it":[{"ind":0,"ty":"sh","ix":1,"ks":{"a":0,"k":{"i":[[0,-4.489],[4.489,0],[0,4.489],[-4.489,0]],"o":[[0,4.489],[-4.489,0],[0,-4.489],[4.489,0]],"v":[[8.128,0],[0,8.128],[-8.128,0],[0,-8.128]],"c":true},"ix":2},"nm":"Path 1","mn":"ADBE Vector Shape - Group","hd":false},{"ty":"fl","c":{"a":0,"k":[0.254901960784,0.309803921569,0.850980451995,1],"ix":4},"o":{"a":0,"k":100,"ix":5},"r":1,"bm":0,"nm":"Fill 1","mn":"ADBE Vector Graphic - Fill","hd":false},{"ty":"tr","p":{"a":0,"k":[8.378,8.378],"ix":2},"a":{"a":0,"k":[0,0],"ix":1},"s":{"a":0,"k":[100,100],"ix":3},"r":{"a":0,"k":0,"ix":6},"o":{"a":0,"k":100,"ix":7},"sk":{"a":0,"k":0,"ix":4},"sa":{"a":0,"k":0,"ix":5},"nm":"Transform"}],"nm":"Group 1","np":2,"cix":2,"bm":0,"ix":1,"mn":"ADBE Vector Group","hd":false}],"ip":600,"op":600,"st":0,"bm":0,"hidden":0},{"ddd":0,"ind":6,"ty":4,"nm":"Circulo1 Outlines","sr":1,"ks":{"o":{"a":0,"k":100,"ix":11},"r":{"a":0,"k":0,"ix":10},"p":{"a":0,"k":[130.675,117.133,0],"ix":2},"a":{"a":0,"k":[8.378,8.378,0],"ix":1},"s":{"a":1,"k":[{"i":{"x":[0.667,0.667,0.667],"y":[1,1,1]},"o":{"x":[0.799,0.799,0.333],"y":[2.609,2.609,0]},"t":11.077,"s":[0,0,100]},{"t":18.4619140625,"s":[100,100,100]}],"ix":6}},"ao":0,"shapes":[{"ty":"gr","it":[{"ind":0,"ty":"sh","ix":1,"ks":{"a":0,"k":{"i":[[0,-4.489],[4.489,0],[0,4.489],[-4.489,0]],"o":[[0,4.489],[-4.489,0],[0,-4.489],[4.489,0]],"v":[[8.128,0],[0,8.128],[-8.128,0],[0,-8.128]],"c":true},"ix":2},"nm":"Path 1","mn":"ADBE Vector Shape - Group","hd":false},{"ty":"fl","c":{"a":0,"k":[0.254901960784,0.309803921569,0.850980451995,1],"ix":4},"o":{"a":0,"k":100,"ix":5},"r":1,"bm":0,"nm":"Fill 1","mn":"ADBE Vector Graphic - Fill","hd":false},{"ty":"tr","p":{"a":0,"k":[8.378,8.378],"ix":2},"a":{"a":0,"k":[0,0],"ix":1},"s":{"a":0,"k":[100,100],"ix":3},"r":{"a":0,"k":0,"ix":6},"o":{"a":0,"k":100,"ix":7},"sk":{"a":0,"k":0,"ix":4},"sa":{"a":0,"k":0,"ix":5},"nm":"Transform"}],"nm":"Group 1","np":2,"cix":2,"bm":0,"ix":1,"mn":"ADBE Vector Group","hd":false}],"ip":600,"op":600,"st":0,"bm":0,"hidden":0},{"ddd":0,"ind":7,"ty":4,"nm":"Estrella3 Outlines","sr":1,"ks":{"o":{"a":0,"k":100,"ix":11},"r":{"a":0,"k":0,"ix":10},"p":{"a":0,"k":[430.37,416.598,0],"ix":2},"a":{"a":0,"k":[18.166,18.166,0],"ix":1},"s":{"a":1,"k":[{"i":{"x":[0.667,0.667,0.667],"y":[1,1,1]},"o":{"x":[0.799,0.799,0.333],"y":[2.609,2.609,0]},"t":7.385,"s":[0,0,100]},{"t":14.76953125,"s":[100,100,100]}],"ix":6}},"ao":0,"shapes":[{"ty":"gr","it":[{"ind":0,"ty":"sh","ix":1,"ks":{"a":0,"k":{"i":[[1.995,0],[0,0],[0,3.71],[0,0],[1.928,0.517],[0,-2.797],[0,0],[3.71,0],[0,0],[0.517,-1.927],[-2.797,0],[0,0],[0,-3.71],[0,0],[-1.927,-0.517],[0,2.797],[0,0],[-3.71,0],[0,0],[0.782,2.914]],"o":[[0,0],[-3.71,0],[0,0],[0,-1.995],[-2.914,-0.782],[0,0],[0,3.71],[0,0],[-1.996,0],[-0.782,2.914],[0,0],[3.71,0],[0,0],[0,1.996],[2.915,0.782],[0,0],[0,-3.71],[0,0],[2.797,0],[-0.517,-1.927]],"v":[[12.758,-4.381],[11.098,-4.381],[4.381,-11.098],[4.381,-12.759],[1.189,-17.134],[-4.381,-12.912],[-4.381,-11.098],[-11.098,-4.381],[-12.758,-4.381],[-17.134,-1.19],[-12.913,4.381],[-11.098,4.381],[-4.381,11.098],[-4.381,12.758],[-1.19,17.134],[4.381,12.912],[4.381,11.098],[11.098,4.381],[12.912,4.381],[17.134,-1.19]],"c":true},"ix":2},"nm":"Path 1","mn":"ADBE Vector Shape - Group","hd":false},{"ty":"fl","c":{"a":0,"k":[0,1,0.875,1],"ix":4},"o":{"a":0,"k":100,"ix":5},"r":1,"bm":0,"nm":"Fill 1","mn":"ADBE Vector Graphic - Fill","hd":false},{"ty":"tr","p":{"a":0,"k":[18.166,18.166],"ix":2},"a":{"a":0,"k":[0,0],"ix":1},"s":{"a":0,"k":[100,100],"ix":3},"r":{"a":0,"k":0,"ix":6},"o":{"a":0,"k":100,"ix":7},"sk":{"a":0,"k":0,"ix":4},"sa":{"a":0,"k":0,"ix":5},"nm":"Transform"}],"nm":"Group 1","np":2,"cix":2,"bm":0,"ix":1,"mn":"ADBE Vector Group","hd":false}],"ip":600,"op":600,"st":0,"bm":0,"hidden":0},{"ddd":0,"ind":8,"ty":4,"nm":"Estrella2 Outlines","sr":1,"ks":{"o":{"a":0,"k":100,"ix":11},"r":{"a":0,"k":0,"ix":10},"p":{"a":0,"k":[76.201,215.994,0],"ix":2},"a":{"a":0,"k":[18.166,18.166,0],"ix":1},"s":{"a":1,"k":[{"i":{"x":[0.667,0.667,0.667],"y":[1,1,1]},"o":{"x":[0.799,0.799,0.333],"y":[2.609,2.609,0]},"t":3.692,"s":[0,0,100]},{"t":11.076171875,"s":[100,100,100]}],"ix":6}},"ao":0,"shapes":[{"ty":"gr","it":[{"ind":0,"ty":"sh","ix":1,"ks":{"a":0,"k":{"i":[[1.995,0],[0,0],[0,3.71],[0,0],[1.928,0.517],[0,-2.797],[0,0],[3.71,0],[0,0],[0.517,-1.927],[-2.797,0],[0,0],[0,-3.71],[0,0],[-1.927,-0.517],[0,2.797],[0,0],[-3.71,0],[0,0],[0.782,2.914]],"o":[[0,0],[-3.71,0],[0,0],[0,-1.995],[-2.914,-0.782],[0,0],[0,3.71],[0,0],[-1.996,0],[-0.782,2.914],[0,0],[3.71,0],[0,0],[0,1.996],[2.914,0.782],[0,0],[0,-3.71],[0,0],[2.797,0],[-0.517,-1.927]],"v":[[12.758,-4.381],[11.098,-4.381],[4.381,-11.098],[4.381,-12.759],[1.189,-17.134],[-4.381,-12.912],[-4.381,-11.098],[-11.098,-4.381],[-12.758,-4.381],[-17.134,-1.19],[-12.913,4.381],[-11.098,4.381],[-4.381,11.098],[-4.381,12.758],[-1.19,17.134],[4.381,12.912],[4.381,11.098],[11.098,4.381],[12.912,4.381],[17.134,-1.19]],"c":true},"ix":2},"nm":"Path 1","mn":"ADBE Vector Shape - Group","hd":false},{"ty":"fl","c":{"a":0,"k":[0,1,0.875,1],"ix":4},"o":{"a":0,"k":100,"ix":5},"r":1,"bm":0,"nm":"Fill 1","mn":"ADBE Vector Graphic - Fill","hd":false},{"ty":"tr","p":{"a":0,"k":[18.166,18.166],"ix":2},"a":{"a":0,"k":[0,0],"ix":1},"s":{"a":0,"k":[100,100],"ix":3},"r":{"a":0,"k":0,"ix":6},"o":{"a":0,"k":100,"ix":7},"sk":{"a":0,"k":0,"ix":4},"sa":{"a":0,"k":0,"ix":5},"nm":"Transform"}],"nm":"Group 1","np":2,"cix":2,"bm":0,"ix":1,"mn":"ADBE Vector Group","hd":false}],"ip":600,"op":600,"st":0,"bm":0,"hidden":0},{"ddd":0,"ind":9,"ty":4,"nm":"Estrella1 Outlines","sr":1,"ks":{"o":{"a":0,"k":100,"ix":11},"r":{"a":0,"k":0,"ix":10},"p":{"a":0,"k":[413.076,94.94,0],"ix":2},"a":{"a":0,"k":[18.166,18.166,0],"ix":1},"s":{"a":1,"k":[{"i":{"x":[0.667,0.667,0.667],"y":[1,1,1]},"o":{"x":[0.799,0.799,0.333],"y":[2.609,2.609,0]},"t":0,"s":[0,0,100]},{"t":7.384765625,"s":[100,100,100]}],"ix":6}},"ao":0,"shapes":[{"ty":"gr","it":[{"ind":0,"ty":"sh","ix":1,"ks":{"a":0,"k":{"i":[[1.995,0],[0,0],[0,3.71],[0,0],[1.928,0.517],[0,-2.797],[0,0],[3.71,0],[0,0],[0.517,-1.927],[-2.797,0],[0,0],[0,-3.71],[0,0],[-1.927,-0.517],[0,2.797],[0,0],[-3.71,0],[0,0],[0.782,2.914]],"o":[[0,0],[-3.71,0],[0,0],[0,-1.995],[-2.914,-0.782],[0,0],[0,3.71],[0,0],[-1.996,0],[-0.782,2.914],[0,0],[3.71,0],[0,0],[0,1.996],[2.914,0.782],[0,0],[0,-3.71],[0,0],[2.797,0],[-0.517,-1.927]],"v":[[12.758,-4.381],[11.098,-4.381],[4.381,-11.098],[4.381,-12.759],[1.189,-17.134],[-4.381,-12.912],[-4.381,-11.098],[-11.098,-4.381],[-12.758,-4.381],[-17.134,-1.19],[-12.913,4.381],[-11.098,4.381],[-4.381,11.098],[-4.381,12.758],[-1.19,17.134],[4.381,12.912],[4.381,11.098],[11.098,4.381],[12.912,4.381],[17.134,-1.19]],"c":true},"ix":2},"nm":"Path 1","mn":"ADBE Vector Shape - Group","hd":false},{"ty":"fl","c":{"a":0,"k":[0.996078431372549,0.807843137254902,0.15294117647058825,1],"ix":4},"o":{"a":0,"k":100,"ix":5},"r":1,"bm":0,"nm":"Fill 1","mn":"ADBE Vector Graphic - Fill","hd":false},{"ty":"tr","p":{"a":0,"k":[18.166,18.166],"ix":2},"a":{"a":0,"k":[0,0],"ix":1},"s":{"a":0,"k":[100,100],"ix":3},"r":{"a":0,"k":0,"ix":6},"o":{"a":0,"k":100,"ix":7},"sk":{"a":0,"k":0,"ix":4},"sa":{"a":0,"k":0,"ix":5},"nm":"Transform"}],"nm":"Group 1","np":2,"cix":2,"bm":0,"ix":1,"mn":"ADBE Vector Group","hd":false}],"ip":600,"op":600,"st":0,"bm":0,"hidden":0}],"markers":[]}